Date,Open,High,Low,Close,Volume
2006-08-25,16958.3,17005.4,16894.1,16955.4,0
2006-08-28,16955.9,16998.7,16911.5,16922.3,0
2006-08-29,17003.6,17102.4,16999,17083.3,0
2006-08-30,17147.8,17289.2,17134.9,17284.7,0
2006-08-31,17395.5,17422.8,17356.8,17392.3,0
2006-09-01,17373.2,17514.3,17311.4,17423.7,0
2006-09-04,17504.3,17538.6,17476.6,17513.9,0
2006-09-05,17523.8,17523.8,17404.7,17438.8,0
2006-09-06,17446,17446,17208.9,17258.5,0
2006-09-07,17099.9,17133.5,17044.9,17096.4,0
2006-09-08,17071.2,17171.5,17070.9,17145.8,0
2006-09-11,17141.6,17158.2,16929.7,16948.6,0
2006-09-12,16932.3,17128.9,16921.5,17075.4,0
2006-09-13,17221,17235.4,17173.8,17210,0
2006-09-14,17274.7,17304.7,17142.7,17183.4,0
2006-09-15,17179.1,17246.9,17143.2,17237.7,0
2006-09-18,17253.7,17423.9,17253,17387.2,0
2006-09-19,17411.9,17426.5,17314.6,17346.7,0
2006-09-20,17232.2,17523.5,17220.8,17513,0
2006-09-21,17546.6,17663.4,17539.6,17620,0
2006-09-22,17526.3,17639.1,17512,17600.7,0
2006-09-25,17600.6,17683.4,17539.8,17546,0
2006-09-26,17614.3,17614.3,17277.8,17308.1,0
2006-09-27,17478.2,17540.7,17402.1,17521.5,0
2006-09-28,17565.9,17604.9,17506.2,17530.6,0
2006-09-29,17559.7,17589.6,17350.8,17543.1,0
2006-10-03,17490.5,17648.7,17428.1,17606.5,0
2006-10-04,17637.2,17687.2,17535.8,17629.2,0
2006-10-05,17897.9,17940.5,17810.1,17907.7,0
2006-10-06,17901.1,17931.7,17848.7,17903.4,0
2006-10-09,17876,17876,17589.1,17675.2,0
2006-10-10,17780.3,17852.3,17751.9,17823.7,0
2006-10-11,17856.6,17875.6,17740.8,17862.8,0
2006-10-12,17896.4,17948.1,17835.7,17873.1,0
2006-10-13,18049.8,18067.6,17949.6,17988.8,0
2006-10-16,18067.2,18069.5,17958.1,18010.2,0
2006-10-17,17965.3,18074.3,17823.3,18014.8,0
2006-10-18,17910,18048.1,17881.8,18048.1,0
2006-10-19,18053.9,18070.8,17938,17987,0
2006-10-20,18012.6,18148,18012.6,18113.6,0
2006-10-23,18170.2,18170.3,18066.1,18089.8,0
2006-10-24,18136.2,18173.4,18121.7,18153.4,0
2006-10-25,18150.9,18169,18106.1,18157.9,0
2006-10-26,18267.4,18378.8,18240.6,18353.7,0
2006-10-27,18400.8,18465.5,18232.6,18297.6,0
2006-10-31,18196,18336.4,18152.9,18324.3,0
2006-11-01,18376.4,18494.9,18376.4,18453.7,0
2006-11-02,18495.3,18724.9,18397.3,18714.8,0
2006-11-03,18696.6,18771,18646.2,18749.7,0
2006-11-06,18702.2,18940.8,18694.1,18936.6,0
2006-11-07,19102.9,19161.4,18855.9,18939.3,0
2006-11-08,18933.5,18995,18750.8,18811.2,0
2006-11-09,18885.2,18993.4,18866,18952.8,0
2006-11-10,18958.1,18976.2,18861.9,18891.1,0
2006-11-13,18763.4,18902.2,18717.6,18868.5,0
2006-11-14,18889.9,18989.5,18759.3,18878.4,0
2006-11-15,18940,19106.8,18926.3,19093,0
2006-11-16,19162.9,19237.7,19048,19154.1,0
2006-11-17,19125.9,19214.6,19097.3,19182.7,0
2006-11-20,19030.3,19133.5,18928.6,18954.6,0
2006-11-21,19002.1,19064.1,18959.8,19008.3,0
2006-11-22,19102.2,19257,19075.3,19250.8,0
2006-11-23,19345,19404,19244.3,19265.3,0
2006-11-24,19206.4,19315.7,19195.9,19260.3,0
2006-11-27,19263.8,19328.1,19122.4,19204,0
2006-11-28,18996.8,18998.1,18618.7,18639.5,0
2006-11-29,18730.5,18843.5,18687.3,18780.9,0
2006-11-30,18944.6,19033.4,18923.6,18960.5,0
2006-12-01,18922.5,18945.4,18650.5,18690.8,0
2006-12-04,18654.1,18768.6,18587.7,18702.7,0
2006-12-05,18880.8,18949.9,18794.2,18944.2,0
2006-12-06,18988.1,19131.2,18937.6,19026.3,0
2006-12-07,19023.8,19048.4,18783.3,18843,0
2006-12-08,18775.5,18799.2,18666.9,18740,0
2006-12-11,18811.8,18965.7,18811.8,18924.7,0
2006-12-12,19010.2,19015.7,18820,18907.2,0
2006-12-13,18867.7,18870.4,18623.6,18718.2,0
2006-12-14,18806.7,18954.9,18774.4,18919.4,0
2006-12-15,19080.3,19126.7,19014.3,19110.7,0
2006-12-18,19094.6,19216.5,19046.9,19192.9,0
2006-12-19,19163,19180.3,18905.4,18964.6,0
2006-12-20,19109.8,19273.8,19108.4,19240.1,0
2006-12-21,19249.2,19276.3,19157.8,19222.8,0
2006-12-22,19227.2,19320.5,19197.7,19320.5,0
2006-12-27,19620.5,19728,19512.5,19725.7,0
2006-12-28,19742.8,20038.2,19686.8,20001.9,0
2006-12-29,20049,20049,19885.2,19964.7,0
2007-01-02,20004.8,20323.6,19990.3,20310.2,0
2007-01-03,20353.4,20554.6,20249.6,20413.4,0
2007-01-04,20415.7,20463.2,19948,20025.6,0
2007-01-05,19890.2,20213.6,19757.2,20211.3,0
2007-01-08,19915,20085.6,19844.3,20029.7,0
2007-01-09,20162.5,20173.1,19794.3,19898.1,0
2007-01-10,19665.4,19693.7,19508,19568.3,0
2007-01-11,19653,19697.6,19350.5,19385.4,0
2007-01-12,19628.8,19680.6,19523.8,19613.4,0
2007-01-15,19776.1,20073.3,19746.1,20068.6,0
2007-01-16,20130.6,20133.5,19938.2,20027.9,0
2007-01-17,19917.5,20122.4,19841.2,20064.6,0
2007-01-18,20064.8,20297.4,20002.8,20277.5,0
2007-01-19,20215.6,20337.9,20189.3,20327.7,0
2007-01-22,20501.4,20779.5,20487.6,20772.2,0
2007-01-23,20743.8,20810.8,20589.4,20769.7,0
2007-01-24,20950.9,20971.5,20725.5,20821.1,0
2007-01-25,20889.7,20897.6,20610.2,20669.8,0
2007-01-26,20457.5,20457.5,20204.7,20281.1,0
2007-01-29,20317.4,20366.7,20197.6,20236.7,0
2007-01-30,20281.9,20465.5,20165.2,20460.5,0
2007-01-31,20463.8,20507.7,20008.6,20106.4,0
2007-02-01,20251.6,20496.8,20176.6,20430.2,0
2007-02-02,20544.3,20704.1,20468.8,20563.7,0
2007-02-05,20514.8,20645.8,20409.2,20455.6,0
2007-02-06,20511.8,20712.3,20438.3,20655.2,0
2007-02-07,20716.6,20739,20598,20679.7,0
2007-02-08,20475.9,20763.6,20319,20735.1,0
2007-02-09,20746.9,20771.1,20593.8,20677.7,0
2007-02-12,20534.4,20696.7,20488.8,20593.4,0
2007-02-13,20523.9,20523.9,20127.1,20132.2,0
2007-02-14,20302.2,20330.4,20184.7,20209.9,0
2007-02-15,20466.7,20570.1,20398.4,20538.4,0
2007-02-16,20545.9,20588.2,20458,20567.9,0
2007-02-21,20649.7,20677.3,20540.3,20651.4,0
2007-02-22,20748.5,20829.7,20740.3,20809.2,0
2007-02-23,20844.2,20844.2,20547.4,20711.7,0
2007-02-26,20520.4,20581.4,20474.4,20507.9,0
2007-02-27,20500.9,20500.9,20042.3,20147.9,0
2007-02-28,19426.9,19749.6,19381.9,19651.5,0
2007-03-01,19581.8,19643.4,19346.6,19346.6,0
2007-03-02,19386.6,19560.5,19355.6,19442,0
2007-03-05,19137.3,19164.3,18659.2,18664.9,0
2007-03-06,18899.2,19080.3,18876.6,19058.6,0
2007-03-07,19188.2,19239.9,18910.2,18918.6,0
2007-03-08,18924.3,19191.1,18909.1,19175.2,0
2007-03-09,19259.1,19259.1,19065,19134.9,0
2007-03-12,19252.4,19470.4,19220.5,19442.4,0
2007-03-13,19397,19442.5,19251.2,19333.1,0
2007-03-14,18803.1,18888.4,18738.5,18836.9,0
2007-03-15,19029.2,19054.9,18932.5,18969.4,0
2007-03-16,18846.5,19130.1,18770.3,18953.5,0
2007-03-19,19006.2,19267.8,18967.4,19266.7,0
2007-03-20,19430.7,19463.9,19332.6,19356.9,0
2007-03-21,19381,19537.1,19270.7,19516.4,0
2007-03-22,19757.7,19813.2,19621.2,19690.2,0
2007-03-23,19665.1,19729.5,19634.1,19692.6,0
2007-03-26,19719.9,19819,19653.7,19765.8,0
2007-03-27,19749.8,19768.3,19661.8,19706.8,0
2007-03-28,19664.9,19729.3,19459.2,19553.9,0
2007-03-29,19470.4,19832.1,19460.3,19821.8,0
2007-03-30,19810.8,19880.2,19705.6,19800.9,0
2007-04-02,19900,19976.8,19672.9,19809.7,0
2007-04-03,19903.9,20021,19903.9,20002.7,0
2007-04-04,20187.7,20210.8,20099.8,20209.7,0
2007-04-10,20416.5,20416.5,20248,20347.9,0
2007-04-11,20427.9,20502.2,20278.8,20449.4,0
2007-04-12,20360.3,20428.6,20293.3,20380.2,0
2007-04-13,20413.5,20432,20265,20341,0
2007-04-16,20493.2,20765.4,20489.9,20757.5,0
2007-04-17,20804.9,20816.1,20635.6,20788.6,0
2007-04-18,20868.1,20868.1,20718.7,20777.1,0
2007-04-19,20615.4,20634.9,20232.8,20299.7,0
2007-04-20,20495.8,20567.3,20474.3,20566.6,0
2007-04-23,20710.4,20757.4,20529.1,20556.6,0
2007-04-24,20455.3,20618,20396.4,20572.8,0
2007-04-25,20484.2,20621.7,20417.6,20536.8,0
2007-04-26,20672.5,20778.4,20651.3,20667.3,0
2007-04-27,20557.1,20619.1,20425.6,20526.5,0
2007-04-30,20526,20526,20130.1,20319,0
2007-05-02,20384,20483.2,20351.2,20388.5,0
2007-05-03,20582.4,20739,20555.6,20681.6,0
2007-05-04,20865.1,20883.2,20714.8,20841.1,0
2007-05-07,20934,21070.2,20891.1,20896.6,0
2007-05-08,20850.1,20880.7,20662.6,20706.3,0
2007-05-09,20704.4,20844.8,20677.8,20844.8,0
2007-05-10,20729.5,20821.8,20683.3,20746.3,0
2007-05-11,20469.5,20552.6,20420.1,20468.2,0
2007-05-14,21036.6,21065.6,20870,20979.2,0
2007-05-15,20985.9,21088.8,20826.9,20868.2,0
2007-05-16,20854.1,20953.2,20784.2,20937.2,0
2007-05-17,21042.7,21084.2,20944.2,20994.6,0
2007-05-18,20882.9,20904.8,20769.1,20904.8,0
2007-05-21,20963.5,21055.1,20922.3,20927.8,0
2007-05-22,20997,21020.4,20782.4,20843.9,0
2007-05-23,20838.3,20888.1,20767.7,20799,0
2007-05-25,20553.8,20566.2,20474,20520.7,0
2007-05-28,20594.1,20619.2,20503.9,20529.8,0
2007-05-29,20518.3,20565.2,20395.1,20469.6,0
2007-05-30,20343,20403.3,20184.5,20293.8,0
2007-05-31,20405.9,20673.4,20354.7,20634.5,0
2007-06-01,20717.3,20793.4,20598.8,20602.9,0
2007-06-04,20699,20821.9,20638.7,20729.6,0
2007-06-05,20820.5,20878.1,20616,20842.2,0
2007-06-06,20850.2,20943.9,20803.2,20818.6,0
2007-06-07,20637.9,20838.4,20600.4,20800.2,0
2007-06-08,20531.8,20536.2,20433.5,20509.2,0
2007-06-11,20649.1,20673.9,20591.4,20615.5,0
2007-06-12,20660.7,20664.8,20511,20636.4,0
2007-06-13,20527.3,20628.1,20520.7,20578.8,0
2007-06-14,20714.8,20924.8,20714.8,20867.2,0
2007-06-15,21024.3,21052.9,20917.6,21017.1,0
2007-06-18,21256.3,21585,21256.3,21582.9,0
2007-06-20,21645.1,21897.6,21644.1,21684.7,0
2007-06-21,21784.1,21969.2,21714.9,21954.7,0
2007-06-22,21879.5,22052.8,21788.2,21999.9,0
2007-06-25,21884.1,22085.6,21814.5,21822.3,0
2007-06-26,21800.8,21950,21755.3,21803.6,0
2007-06-27,21775.2,21800.5,21562,21705.6,0
2007-06-28,21912.8,22035.4,21885.5,21938.2,0
2007-06-29,21997.2,22044.7,21768.8,21772.7,0
2007-07-03,22004.1,22159.5,21960.8,22151.1,0
2007-07-04,22279.8,22307.6,22131.2,22218.6,0
2007-07-05,22272.8,22328.6,22127,22253,0
2007-07-06,22217.5,22565.4,22081.3,22531.7,0
2007-07-09,22720,22818.3,22601.7,22817.4,0
2007-07-10,22833.5,22889.6,22718.1,22885.8,0
2007-07-11,22655.4,22850.4,22539.7,22607,0
2007-07-12,22797.8,22975.8,22773.7,22809,0
2007-07-13,23199.1,23239.9,23048.7,23099.3,0
2007-07-16,23098.7,23128.6,22932.3,22953.9,0
2007-07-17,22915.8,23148.2,22915.8,23057.3,0
2007-07-18,22957,23035.8,22782.6,22841.9,0
2007-07-19,22864.8,23024.5,22817.9,23016.2,0
2007-07-20,23195.4,23301.9,23118.7,23291.9,0
2007-07-23,23170.3,23389.9,23152.5,23365.6,0
2007-07-24,23459.7,23534.4,23410.5,23472.9,0
2007-07-25,23228.6,23439.8,23228.6,23362.2,0
2007-07-26,23494,23557.7,23127.8,23211.7,0
2007-07-27,22647.1,22854.5,22443.1,22570.4,0
2007-07-30,22478.8,22759.5,22473.9,22739.9,0
2007-07-31,23023.4,23199.9,22882,23184.9,0
2007-08-01,23018.2,23025.1,22209.8,22455.3,0
2007-08-02,22730.4,22767.5,22144.7,22443.2,0
2007-08-03,22625.4,22644.6,22356.3,22538.4,0
2007-08-06,22128.1,22147.4,21916.7,21936.7,0
2007-08-07,22171.9,22177.8,21833.1,21908,0
2007-08-08,22102.8,22540.3,22100.3,22536.7,0
2007-08-09,22715.1,22796.7,22425.1,22439.3,0
2007-08-10,21797.4,21860.1,21661.1,21792.7,0
2007-08-13,21932,21969.4,21692.2,21891.1,0
2007-08-14,21886.2,22012,21836.1,22007.3,0
2007-08-15,21637.5,21637.5,21303.3,21375.7,0
2007-08-16,20841.2,20841.2,20435.2,20672.4,0
2007-08-17,20761.3,20761.3,19386.7,20387.1,0
2007-08-20,21140.7,21608.3,20901.6,21595.6,0
2007-08-21,22228.2,22616.8,21651.4,21729.3,0
2007-08-22,21949.4,22360,21854.2,22346.9,0
2007-08-23,23055.1,23063.9,22771.8,22967,0
2007-08-24,22718.5,22933.8,22629.5,22921.9,0
2007-08-27,23358.4,23582.7,23285.7,23577.7,0
2007-08-28,23750.2,23750.2,23304.6,23363.8,0
2007-08-29,22802.8,23110.2,22686.8,23020.6,0
2007-08-30,23510,23583.5,23376.7,23484.5,0
2007-08-31,23584.7,24089,23487.1,23984.1,0
2007-09-03,23611,23915.1,23611,23904.1,0
2007-09-04,23937.5,24127.2,23855.1,23886.1,0
2007-09-05,24196.6,24283.2,23839,24069.2,0
2007-09-06,23858,24089.1,23853.1,24050.4,0
2007-09-07,24036.3,24135.2,23881.7,23982.6,0
2007-09-10,23584.1,24123.7,23578.1,23999.7,0
2007-09-11,24000.2,24157.3,23753.3,23952.2,0
2007-09-12,24195.4,24329.2,24088.1,24310.1,0
2007-09-13,24476,24552.2,24216.4,24537,0
2007-09-14,24750,24978.6,24715.7,24898.1,0
2007-09-17,24977.4,24977.4,24544.7,24599.3,0
2007-09-18,24503.8,24599.3,24368.7,24576.8,0
2007-09-19,25511.3,25648.4,25286.9,25554.6,0
2007-09-20,25638.3,25773.6,25571.2,25701.1,0
2007-09-21,25660,25893.2,25554.5,25843.8,0
2007-09-24,26002.1,26635.3,25994.8,26495.2,0
2007-09-25,26388.8,26667.2,26236.7,26382.1,0
2007-09-27,26664.8,27166,26664.8,27065.2,0
2007-09-28,27126.1,27255,26899.5,27142.5,0
2007-10-02,27816.9,28256.8,27795.6,28199.8,0
2007-10-03,28163.3,28871,27245.5,27479.9,0
2007-10-04,27108.3,27423.1,26746.6,26974,0
2007-10-05,27329.7,27843.6,27203.9,27831.5,0
2007-10-08,28233.3,28482.4,27651.2,27770.3,0
2007-10-09,27817.1,28238.3,27491.9,28228,0
2007-10-10,28654.9,28771.5,28292.9,28569.3,0
2007-10-11,28689.7,29133.8,28609.7,29133,0
2007-10-12,28773.1,28935.7,28368.7,28838.4,0
2007-10-15,29147.8,29562,28767.4,29540.8,0
2007-10-16,29238.3,29920.2,28884.2,28954.6,0
2007-10-17,28674.3,29310.8,28484.2,29298.7,0
2007-10-18,30013.5,30025.1,29265.5,29465.1,0
2007-10-22,28337,28760.6,28337,28373.6,0
2007-10-23,28727,29419,28718.6,29376.8,0
2007-10-24,29810.4,29997,29290.7,29333.5,0
2007-10-25,29660.5,29943.4,29314.2,29854.5,0
2007-10-26,30215.2,30562.6,29932.6,30405.2,0
2007-10-29,30986.2,31604.5,30986.2,31586.9,0
2007-10-30,31361.9,31958.4,31361.9,31638.2,0
2007-10-31,31531,31556.1,31159.5,31352.6,0
2007-11-01,31783.5,31897.5,31342.1,31492.9,0
2007-11-02,30580.1,30922.3,30366.7,30468.3,0
2007-11-05,30165.8,30356.8,28920.3,28942.3,0
2007-11-06,29220,29471,28479,29438.1,0
2007-11-07,30054.1,30195.6,29596.2,29708.9,0
2007-11-08,28758.7,29009.4,28545.7,28760.2,0
2007-11-09,28510.5,29249.9,28408.5,28783.4,0
2007-11-12,28061.4,28071.5,27468,27665.7,0
2007-11-13,27561.6,28011,26952.9,27803.3,0
2007-11-14,28787.4,29175.2,28623,29166,0
2007-11-15,29078.2,29250,28730.3,28751.2,0
2007-11-16,28037.2,28120.4,27496.2,27614.4,0
2007-11-19,27629,27801.5,27300.3,27460.2,0
2007-11-20,26583.6,27851.3,26404.3,27771.2,0
2007-11-21,27277.7,27303.9,26500.5,26618.2,0
2007-11-22,26318.2,27003.9,25861.7,26004.9,0
2007-11-23,26484.7,26723.3,26305.4,26541.1,0
2007-11-26,27398.5,27643.6,27311.9,27626.6,0
2007-11-27,26704.8,27552.3,26637.6,27210.2,0
2007-11-28,27315.9,27455.8,27028.7,27371.2,0
2007-11-29,28337.1,28667.3,28114.7,28482.5,0
2007-11-30,28604.7,28792.3,28436.7,28643.6,0
2007-12-03,28825,29119.7,28658.4,28658.4,0
2007-12-04,28544.2,29020.8,28544.2,28879.6,0
2007-12-05,28942.2,29411.4,28712.5,29345.4,0
2007-12-06,29769.2,29889.3,29530.3,29558.9,0
2007-12-07,29890.6,29962.9,28838.9,28842.5,0
2007-12-10,29017.7,29137.9,28445.7,28501.1,0
2007-12-11,28947.7,29235.2,28726.1,29226.8,0
2007-12-12,28611.6,28777.3,28343.2,28521.1,0
2007-12-13,28518.8,28604.2,27606.2,27744.4,0
2007-12-14,27708.3,27813.8,27245.2,27563.6,0
2007-12-17,27236.4,27245.5,26551.4,26596.6,0
2007-12-18,26515.1,26912.3,26094,26732.9,0
2007-12-19,26880.1,27214.7,26670.8,27029.2,0
2007-12-20,27034.6,27203.9,26957.7,27017.1,0
2007-12-21,27192.8,27670.3,27192.8,27626.9,0
2007-12-24,27965.2,28191.2,27954.3,28128.8,0
2007-12-27,28337.5,28343.4,27842.9,27842.9,0
2007-12-28,27511.5,27678.4,27296.8,27370.6,0
2007-12-31,27437.9,27820.1,27437.9,27812.7,0
2008-01-02,27632.2,27853.6,27299.4,27560.5,0
2008-01-03,27050,27223.7,26864.1,26887.3,0
2008-01-04,27004.3,27596.8,26994.8,27519.7,0
2008-01-07,26962.5,27186.1,26698.5,27179.5,0
2008-01-08,27467,27637.6,27088.7,27112.9,0
2008-01-09,26847.5,27625.8,26757,27615.8,0
2008-01-10,27426.4,27596.5,27115.8,27230.8,0
2008-01-11,27435.5,27593.7,26725.9,26867,0
2008-01-14,27019.1,27142.9,26464.6,26468.1,0
2008-01-15,26728.9,26800.5,25823.5,25837.8,0
2008-01-16,25131.1,25131.1,24320,24450.8,0
2008-01-17,24705.1,25381.9,23957.6,25115,0
2008-01-18,24247.2,25378.2,24134.2,25201.9,0
2008-01-21,24459,24650.3,23770.1,23818.8,0
2008-01-22,22624.3,22713.7,21709.6,21757.6,0
2008-01-23,23359.2,24240,22647.3,24090.2,0
2008-01-24,24396.8,24966.2,23478.9,23539.3,0
2008-01-25,24801.5,25243.6,24483.9,25122.4,0
2008-01-28,24342.4,24384.3,23586.5,24053.6,0
2008-01-29,24640.1,24736.8,24229.1,24291.8,0
2008-01-30,24605.2,24631.6,23586.4,23653.7,0
2008-01-31,23789.7,23887.2,23052.9,23455.7,0
2008-02-01,23791.9,24238.3,23322.1,24123.6,0
2008-02-04,24885.1,25101.4,24728.5,25032.1,0
2008-02-05,24710.1,24962,24504.5,24808.7,0
2008-02-06,23458.2,23592.3,23284,23469.5,0
2008-02-11,23404.7,23404.7,22569.5,22616.1,0
2008-02-12,22953.8,23146.4,22891.2,22921.7,0
2008-02-13,23330.1,23534.5,22938.1,23169.6,0
2008-02-14,23893.5,24140.3,23756.4,24021.7,0
2008-02-15,23511.5,24208.5,23446.4,24148.4,0
2008-02-18,24344.3,24413.9,23735.9,23759.2,0
2008-02-19,24040.7,24402.6,24025.1,24123.2,0
2008-02-20,24265.3,24265.3,23481.1,23590.6,0
2008-02-21,23957.6,24003.6,23500.9,23623,0
2008-02-22,23233.9,23420.3,23077.5,23305,0
2008-02-25,23546.1,23553,23165,23269.1,0
2008-02-26,23564.8,23762.4,23395.2,23714.8,0
2008-02-27,24161.2,24610.4,24111.6,24483.8,0
2008-02-28,24373.9,24841.2,24205,24591.7,0
2008-02-29,24226.8,24370.7,24010.5,24331.7,0
2008-03-03,23491.6,23738.7,23458.9,23585,0
2008-03-04,23858,23923.2,23060.9,23119.9,0
2008-03-05,23066.6,23268.4,22873.3,23114.3,0
2008-03-06,23360.7,23615.2,23254.3,23342.7,0
2008-03-07,22694.2,22836.8,22447.8,22501.3,0
2008-03-10,22387.2,22725.2,22034.8,22705.1,0
2008-03-11,22634.7,22995.3,22263.3,22995.3,0
2008-03-12,23737.7,23737.7,23139.4,23422.8,0
2008-03-13,22925.4,23007.6,22251.2,22301.6,0
2008-03-14,22536.1,22747.1,22151.5,22237.1,0
2008-03-17,21318,21473.4,21041.2,21084.6,0
2008-03-18,21444.6,21467.2,20572.9,21384.6,0
2008-03-19,22191.9,22191.9,21779.8,21866.9,0
2008-03-20,21173.3,21471.7,20896.1,21108.2,0
2008-03-25,21841.8,22529.8,21691.6,22464.5,0
2008-03-26,22581.8,22811.3,22428.4,22617,0
2008-03-27,22312.6,22758.9,22205.2,22664.2,0
2008-03-28,22750.3,23313.9,22721.2,23285.9,0
2008-03-31,22997,23077.8,22700.8,22849.2,0
2008-04-01,23084.9,23305.7,22700.5,23137.5,0
2008-04-02,24133.8,24195.3,23858.9,23872.4,0
2008-04-03,23947.6,24334.2,23937.3,24264.6,0
2008-04-07,24484.8,24642,24269.6,24578.8,0
2008-04-08,24507.1,24557.4,24212.6,24311.7,0
2008-04-09,24293.4,24492,23921.2,23984.6,0
2008-04-10,24101.4,24214.6,23905.6,24187.1,0
2008-04-11,24442.3,24681.5,24322.1,24667.8,0
2008-04-14,23968,24070.2,23753,23811.2,0
2008-04-15,23950.4,24043.9,23613.5,23901.3,0
2008-04-16,24075.7,24194.2,23749.7,23878.3,0
2008-04-17,24369.8,24442.1,24150.5,24259,0
2008-04-18,24234.5,24400.9,24107.2,24197.8,0
2008-04-21,24821,24887.1,24668.3,24721.7,0
2008-04-22,24460.6,24965.7,24413.2,24939.2,0
2008-04-23,25000.5,25361.3,24919.7,25289.2,0
2008-04-24,25776.3,25861.7,25603.6,25680.8,0
2008-04-25,25853,25853,25437.8,25516.8,0
2008-04-28,25613.2,25717.4,25567.6,25666.3,0
2008-04-29,25662,26038.6,25633.5,25914.2,0
2008-04-30,25998.3,26066.5,25731.6,25755.3,0
2008-05-02,26325,26374.1,26173.8,26241,0
2008-05-05,26321.6,26387.4,26118.6,26183.9,0
2008-05-06,26084.6,26315,26072.6,26262.1,0
2008-05-07,26378,26378,25471.2,25610.2,0
2008-05-08,25442.5,25616.9,25353.5,25449.8,0
2008-05-09,25401.9,25483.8,24911.3,25063.2,0
2008-05-13,25190.2,25601.6,25032.2,25552.8,0
2008-05-14,25461.4,25546.8,25108.1,25533.5,0
2008-05-15,25719,25736.6,25208.2,25513.7,0
2008-05-16,25665.6,25748.3,25533.6,25618.8,0
2008-05-19,25592.2,25822,25592.2,25742.2,0
2008-05-20,25692.3,25702.9,25042.1,25169.5,0
2008-05-21,24828,25498.1,24820.2,25460.3,0
2008-05-22,24984.3,25057.5,24700.5,25043.1,0
2008-05-23,25085.3,25128.4,24693.6,24714.1,0
2008-05-26,24234.3,24331.7,24100.3,24127.3,0
2008-05-27,24239.1,24441.1,24221.3,24282,0
2008-05-28,24209,24338.7,24178.7,24249.5,0
2008-05-29,24542.1,24542.1,24222.1,24384,0
2008-05-30,24448.4,24585.8,24289.8,24533.1,0
2008-06-02,24542.3,24923.3,24453.8,24831.3,0
2008-06-03,24556.2,24590.6,24254.9,24375.8,0
2008-06-04,24327.7,24462.6,24123.2,24123.2,0
2008-06-05,24150.5,24321.7,24004,24255.3,0
2008-06-06,24505.6,24524.6,24392.8,24402.2,0
2008-06-10,23689.2,23741.1,23343.2,23375.5,0
2008-06-11,23289,23486.2,23178,23327.6,0
2008-06-12,22820.9,23023.8,22695.1,23023.8,0
2008-06-13,22920.8,22984.1,22592.3,22592.3,0
2008-06-16,22814.2,23233,22814.2,23029.7,0
2008-06-17,23008.1,23128.6,22872.3,23058,0
2008-06-18,23114.4,23492.2,22947,23325.8,0
2008-06-19,22849.3,22999.7,22733.8,22797.6,0
2008-06-20,22818,23411.6,22745.6,22745.6,0
2008-06-23,22407.1,22830.4,22384.6,22715,0
2008-06-24,22697.2,22731.5,22456,22456,0
2008-06-25,22745.2,22827.6,22567.9,22635.2,0
2008-06-26,22742.5,22885.3,22441.5,22455.7,0
2008-06-27,21901.3,22201.5,21773.7,22042.3,0
2008-06-30,22237.9,22237.9,21997.7,22102,0
2008-07-02,21785.4,21938.2,21555.5,21704.4,0
2008-07-03,21389.5,21742.1,21163.6,21242.8,0
2008-07-04,21402.2,21534.1,21344.8,21423.8,0
2008-07-07,21402.7,21916.2,21402.7,21913.1,0
2008-07-08,21632.7,21684.2,21098.8,21220.8,0
2008-07-09,21740.8,21954.2,21532,21805.8,0
2008-07-10,21562.1,22020.7,21498.9,21821.8,0
2008-07-11,21834.6,22225.4,21761,22184.6,0
2008-07-14,22205,22360.3,21871.6,22014.5,0
2008-07-15,21644,21644,21077.2,21174.8,0
2008-07-16,20988.7,21334.4,20988.7,21223.5,0
2008-07-17,21825.2,21892.5,21672.3,21734.7,0
2008-07-18,22010.9,22010.9,21677.2,21874.2,0
2008-07-21,22523.3,22645.5,22455,22532.9,0
2008-07-22,22430.6,22690.7,22393.1,22527.5,0
2008-07-23,22900.8,23134.6,22871,23134.6,0
2008-07-24,23330.9,23369.1,23062.6,23087.7,0
2008-07-25,22751.5,22843.2,22542.1,22740.7,0
2008-07-28,22801.8,22862,22619.2,22687.2,0
2008-07-29,22265.9,22265.9,22089.1,22258,0
2008-07-30,22637.3,22751,22573.2,22690.6,0
2008-07-31,22878.8,22878.8,22695.7,22731.1,0
2008-08-01,22497.9,22881.3,22207.3,22862.6,0
2008-08-04,22630.6,22713.6,22425.1,22514.9,0
2008-08-05,22225.1,22225.1,21739.2,21949.8,0
2008-08-07,22403.2,22424.5,21915.3,22104.2,0
2008-08-08,21997.6,22230.6,21690.6,21885.2,0
2008-08-11,22020.5,22235.5,21859.3,21859.3,0
2008-08-12,21992.2,22309.3,21640.9,21640.9,0
2008-08-13,21270.8,21665.8,21223.4,21293.3,0
2008-08-14,21302.7,21453.5,21109,21392.7,0
2008-08-15,21383.7,21383.7,20994.5,21160.6,0
2008-08-18,21163,21206.6,20751.1,20930.7,0
2008-08-19,20675.8,20902.5,20484.4,20484.4,0
2008-08-20,20388.8,20971.2,20388.8,20931.2,0
2008-08-21,20762.7,20762.7,20350.5,20392.1,0
2008-08-25,20739.5,21108.2,20739.5,21104.8,0
2008-08-26,20849.1,21173.6,20785.8,21056.7,0
2008-08-27,21104.6,21464.7,21104.6,21464.7,0
2008-08-28,21546.9,21546.9,20857,20972.3,0
2008-08-29,21289.7,21474.3,21224,21261.9,0
2008-09-01,20999.3,21031.1,20844.2,20906.3,0
2008-09-02,20956.9,21066.6,20595.6,21042.5,0
2008-09-03,20964.8,20964.8,20526.7,20585.1,0
2008-09-04,20545.4,20621.5,20356.5,20389.5,0
2008-09-05,19833.9,19987.2,19708.4,19933.3,0
2008-09-08,20840.7,20840.7,20638,20794.3,0
2008-09-09,20439.5,20543.2,20300,20491.1,0
2008-09-10,20114.8,20284,19951.3,19999.8,0
2008-09-11,19854.8,19854.8,19220.3,19388.7,0
2008-09-12,19432.7,19525.6,19157.7,19352.9,0
2008-09-16,18325.7,18538.5,18019.2,18300.6,0
2008-09-17,18691.3,18699.2,17637.2,17637.2,0
2008-09-18,17120.2,17850,16283.7,17632.5,0
2008-09-19,18878.3,19327.7,18588.1,19327.7,0
2008-09-22,19869,19869,19137.7,19632.2,0
2008-09-23,19178.5,19302.8,18872.8,18872.8,0
2008-09-24,18954.3,19291,18862.9,18962,0
2008-09-25,19003.2,19248.7,18870.1,18934.4,0
2008-09-26,18909.6,18936.9,18500.1,18682.1,0
2008-09-29,18742.2,18742.2,17796.3,17880.7,0
2008-09-30,16898.3,18029.8,16799.3,18016.2,0
2008-10-02,17870.4,18285.7,17631.7,18211.1,0
2008-10-03,17789,17926.1,17682.4,17682.4,0
2008-10-06,17156.2,17241.8,16790.9,16803.8,0
2008-10-08,16108,16422.5,15431.7,15431.7,0
2008-10-09,15598.2,15990.2,15550.9,15943.2,0
2008-10-10,14717.5,14910.5,14398.5,14796.9,0
2008-10-13,15156.2,16376.4,14754.6,16312.2,0
2008-10-14,17141.1,17141.1,16615,16832.9,0
2008-10-15,16609.1,16609.1,15961.9,15998.3,0
2008-10-16,14902.3,15230.5,14578.5,15230.5,0
2008-10-17,15081.5,15300.1,14554.2,14554.2,0
2008-10-20,14691.9,15472.7,14691.8,15323,0
2008-10-21,15617,15617,14884.1,15041.2,0
2008-10-22,14878.2,15161.7,14038.4,14266.6,0
2008-10-23,13596.3,14032.2,13403.3,13760.5,0
2008-10-24,13478.6,13478.6,12618.4,12618.4,0
2008-10-27,12372.8,12736.8,10676.3,11015.8,0
2008-10-28,11154.6,12596.3,11133.9,12596.3,0
2008-10-29,12807.3,13307.4,12333.9,12702.1,0
2008-10-30,13280.4,14329.8,13280.4,14329.8,0
2008-10-31,14037.4,14122.8,13517.4,13968.7,0
2008-11-03,14436,14889.1,14272.2,14344.4,0
2008-11-04,14337.6,14539.6,13853.2,14384.3,0
2008-11-05,15045.5,15317.8,14750,14840.2,0
2008-11-06,14081.8,14081.8,13674.1,13790,0
2008-11-07,13273.1,14254.2,13273.1,14243.4,0
2008-11-10,15033.2,15148,14453.6,14744.6,0
2008-11-11,14323,14853.8,13926.7,14040.9,0
2008-11-12,14155.3,14256.1,13626.3,13939.1,0
2008-11-13,13068.9,13373.1,12943.1,13221.3,0
2008-11-14,13749.5,13749.5,13493.9,13542.7,0
2008-11-17,13584.3,13738.1,13277.6,13529.5,0
2008-11-18,13298.9,13363.6,12676.3,12915.9,0
2008-11-19,12827.4,13179.3,12738.5,12815.8,0
2008-11-20,12171,12298.6,11976.9,12298.6,0
2008-11-21,11814.8,13048.5,11814.8,12659.2,0
2008-11-24,12239.5,12707.2,12239.5,12457.9,0
2008-11-25,13012,13090.9,12767.4,12878.6,0
2008-11-26,12990.3,13369.5,12990.3,13369.5,0
2008-11-27,13901.5,13930.9,13332.9,13552.1,0
2008-11-28,13550.3,13896.5,13550.3,13888.2,0
2008-12-01,13775.3,14253.7,13659.4,14108.8,0
2008-12-02,13373,13513.5,13344.6,13405.8,0
2008-12-03,13598.6,13778,13573.4,13588.7,0
2008-12-04,13857.3,13883.9,13459.6,13509.8,0
2008-12-05,13718.9,13875.1,13656.9,13846.1,0
2008-12-08,14303.2,15044.9,14303.2,15044.9,0
2008-12-09,15032.3,15205.3,14717.5,14753.2,0
2008-12-10,14946,15579,14946,15577.7,0
2008-12-11,15533.6,15781,15337.7,15613.9,0
2008-12-12,15287.7,15393.1,14479.2,14758.4,0
2008-12-15,15363.5,15386.9,15007.4,15047,0
2008-12-16,15018.5,15217.2,14819.7,15130.2,0
2008-12-17,15545,15557.5,15179.4,15460.5,0
2008-12-18,15335.3,15548.3,15301.2,15497.8,0
2008-12-19,15235.2,15444.3,15015,15127.5,0
2008-12-22,15177.1,15227.4,14622.4,14622.4,0
2008-12-23,14472,14491.8,14084.9,14220.8,0
2008-12-24,13855.9,14300.7,13855.9,14184.1,0
2008-12-29,14080.9,14332,13924.3,14328.5,0
2008-12-30,14476.7,14513.5,14189.1,14235.5,0
2008-12-31,14377.5,14527.1,14302.2,14387.5,0
2009-01-02,14448.2,15042.8,14412.1,15042.8,0
2009-01-05,15349.3,15563.3,15128.3,15563.3,0
2009-01-06,15612.5,15651.6,15367.9,15509.5,0
2009-01-07,15759.5,15763.5,14976.7,14987.5,0
2009-01-08,14755.8,14755.8,14334.2,14415.9,0
2009-01-09,14530.8,14673.6,14297.4,14377.4,0
2009-01-12,14312.3,14312.3,13895,13971,0
2009-01-13,13930.3,14118.9,13644.5,13668,0
2009-01-14,13807,14019,13675,13704.6,0
2009-01-15,13136.2,13300.8,12904,13243,0
2009-01-16,13279,13423.2,13113.5,13255.5,0
2009-01-19,13414.1,13519.2,13097.5,13340,0
2009-01-20,12854.4,13160.9,12816.2,12959.8,0
2009-01-21,12534.6,12762.5,12439.1,12583.6,0
2009-01-22,12844.4,12895.2,12657.1,12658,0
2009-01-23,12542,12734.8,12469.8,12578.6,0
2009-01-29,13560.1,13560.1,13109.3,13154.4,0
2009-01-30,12958.1,13390.1,12899.6,13278.2,0
2009-02-02,13194,13239.5,12733.3,12861.5,0
2009-02-03,12991.5,13066,12729,12776.9,0
2009-02-04,13029.4,13108.7,12975.3,13063.9,0
2009-02-05,13084.8,13492.5,13018.6,13178.9,0
2009-02-06,13535.8,13660.2,13322.6,13655,0
2009-02-09,13865.6,13865.6,13561.5,13769.1,0
2009-02-10,13787.1,13976.3,13663.4,13880.6,0
2009-02-11,13546.1,13600,13363.1,13539.2,0
2009-02-12,13439.6,13478.7,13174,13228.3,0
2009-02-13,13314.8,13576.3,13314,13554.7,0
2009-02-16,13559.8,13559.8,13257.3,13455.9,0
2009-02-17,13195.5,13195.5,12933.9,12945.4,0
2009-02-18,12783.8,13031.3,12712.3,13016,0
2009-02-19,12873.1,13055.7,12788.1,13023.4,0
2009-02-20,12719.1,12816.8,12669.6,12699.2,0
2009-02-23,12778,13208,12778,13175.1,0
2009-02-24,12789.3,12814.4,12634.8,12798.5,0
2009-02-25,12979.9,13148.3,12858.3,13005.1,0
2009-02-26,13070.4,13071.6,12692,12894.9,0
2009-02-27,12930,13032.3,12799.8,12811.6,0
2009-03-02,12522.6,12576.5,12296.9,12317.5,0
2009-03-03,11967.1,12192.3,11849.2,12033.9,0
2009-03-04,11880.2,12423.7,11880.2,12331.2,0
2009-03-05,12488.3,12488.3,12163.5,12211.2,0
2009-03-06,12041.8,12146.2,11921.5,11921.5,0
2009-03-09,11872.5,11927.9,11344.6,11344.6,0
2009-03-10,11542.9,11747.1,11542.9,11694,0
2009-03-11,12228.2,12228.2,11904.6,11930.7,0
2009-03-12,11905.5,12040.8,11848.5,12001.5,0
2009-03-13,12395.2,12525.8,12303.7,12525.8,0
2009-03-16,12657.9,12976.7,12615.5,12976.7,0
2009-03-17,12948.8,13226.3,12854,12878.1,0
2009-03-18,13053,13167.2,13020.8,13117.2,0
2009-03-19,13205.2,13205.2,12947.9,13130.9,0
2009-03-20,13157.9,13157.9,12797.1,12833.5,0
2009-03-23,13001.5,13451,13001.5,13447.4,0
2009-03-24,13773.2,13953,13538.2,13910.3,0
2009-03-25,13754.8,13892.9,13567.5,13622.1,0
2009-03-26,13821.3,14132.1,13819.1,14109,0
2009-03-27,14257.6,14257.6,13955.7,14119.5,0
2009-03-30,13893.2,13893.2,13413.5,13456.3,0
2009-03-31,13545.4,13696.7,13428.3,13576,0
2009-04-01,13746.2,13788.4,13411.8,13519.5,0
2009-04-02,13963.3,14533.3,13953.6,14522,0
2009-04-03,14547.5,14644.8,14392.2,14545.7,0
2009-04-06,14920.8,15147.1,14778.5,14998,0
2009-04-07,14922.1,14994.8,14743.7,14929,0
2009-04-08,14715.7,14715.7,14276.3,14474.9,0
2009-04-09,14677.8,14987.4,14656.2,14901.4,0
2009-04-14,15302.1,15596.3,15140.4,15580.2,0
2009-04-15,15344.6,15669.8,15213.4,15669.6,0
2009-04-16,15928.8,15977.1,15517.4,15583,0
2009-04-17,15956.5,15956.5,15541.3,15601.3,0
2009-04-20,15574.3,15878.4,15383,15750.9,0
2009-04-21,15065.6,15332.3,15065.6,15285.9,0
2009-04-22,15328.8,15396.3,14830.6,14878.5,0
2009-04-23,14958.2,15222.2,14867.6,15214.5,0
2009-04-24,15217.4,15367.5,15062.3,15258.8,0
2009-04-27,15160.7,15160.7,14798.9,14840.4,0
2009-04-28,15057.2,15078.6,14458,14555.1,0
2009-04-29,14767.9,14983.7,14714.5,14957,0
2009-04-30,15369.1,15587.3,15204.1,15521,0
2009-05-04,15869.3,16387.1,15855.2,16381,0
2009-05-05,16572,16580.5,16295.9,16430.1,0
2009-05-06,16348.8,16885.9,16268,16834.6,0
2009-05-07,17278.3,17327.5,16880.6,17217.9,0
2009-05-08,17149.3,17443,16970.2,17389.9,0
2009-05-11,17381,17685.6,17032.4,17087.9,0
2009-05-12,16996.2,17239.7,16908.1,17153.6,0
2009-05-13,17097.8,17372.2,17014.9,17059.6,0
2009-05-14,16630.3,16630.3,16422.3,16541.7,0
2009-05-15,16818.8,16953.4,16736.2,16790.7,0
2009-05-18,16468.7,17062.5,16334.4,17022.9,0
2009-05-19,17454.2,17588.9,17376.4,17544,0
2009-05-20,17486.4,17611,17362.4,17475.8,0
2009-05-21,17291.4,17415.3,17172.6,17199.5,0
2009-05-22,17169.6,17299.3,16740.3,17062.5,0
2009-05-25,16999.1,17264.4,16789,17121.8,0
2009-05-26,17050.3,17283.9,16977.7,16991.6,0
2009-05-27,17395.6,17984,17347.9,17885.3,0
2009-05-29,18027.9,18227.8,17833.7,18171,0
2009-06-01,18499.9,18895.8,18415.4,18888.6,0
2009-06-02,18916.6,18916.6,18300.6,18389.1,0
2009-06-03,18616.9,18967.4,18508.3,18576.5,0
2009-06-04,18417.9,18522.4,18108.8,18502.8,0
2009-06-05,18674.5,18722.5,18406.9,18679.5,0
2009-06-08,18521.8,18636.2,18236.1,18253.4,0
2009-06-09,18450.6,18475.5,17710.4,18058.5,0
2009-06-10,18339.9,18789.8,18258.2,18785.7,0
2009-06-11,18578.9,18883.2,18564.9,18791,0
2009-06-12,19034.8,19162,18707.2,18889.7,0
2009-06-15,18712.1,18872.7,18433.3,18499,0
2009-06-16,18236,18315,17859.7,18165.5,0
2009-06-17,17984.8,18255.1,17833.8,18084.6,0
2009-06-18,17955.7,18069.8,17655.8,17776.7,0
2009-06-19,17936.3,18015.1,17759.9,17920.9,0
2009-06-22,17906.4,18398.9,17906.4,18059.6,0
2009-06-23,17577.7,17682.9,17376,17538.4,0
2009-06-24,17583.3,17912.1,17484.1,17892.2,0
2009-06-25,18140.2,18340.9,18069.4,18275,0
2009-06-26,18408.4,18688.1,18360.7,18600.3,0
2009-06-29,18561.1,18687.4,18451.8,18528.5,0
2009-06-30,18883.2,18883.2,18364.8,18378.7,0
2009-07-02,18781,18781,18053.1,18178.1,0
2009-07-03,17961.2,18234.2,17894.8,18203.4,0
2009-07-06,18020.1,18258.3,17897.7,17979.4,0
2009-07-07,17943.5,18160,17821.7,17862.3,0
2009-07-08,17653,17819.3,17493.6,17721.1,0
2009-07-09,17793.6,17836.9,17509.3,17790.6,0
2009-07-10,17800.1,17851.2,17645.6,17708.4,0
2009-07-13,17612.4,17612.4,17186,17254.6,0
2009-07-14,17631.7,17896.4,17581.4,17885.7,0
2009-07-15,18042.6,18289,18030.1,18258.7,0
2009-07-16,18688.9,18700.6,18303.6,18361.9,0
2009-07-17,18551.9,18855.9,18457.4,18805.7,0
2009-07-20,19005.2,19506.4,18960.5,19502.4,0
2009-07-21,19601.9,19601.9,19295.2,19501.7,0
2009-07-22,19560.4,19641.8,19224.1,19248.2,0
2009-07-23,19431.9,19824.2,19415.4,19817.7,0
2009-07-24,20063.9,20063.9,19715.2,19982.8,0
2009-07-27,20170.7,20385.7,20096.2,20251.6,0
2009-07-28,20261.9,20664.5,20109.6,20624.5,0
2009-07-29,20404.5,20542.6,19787.5,20135.5,0
2009-07-30,20150.3,20359.8,19955.3,20234.1,0
2009-07-31,20546.1,20712.7,20474.1,20573.3,0
2009-08-03,20582.7,20816.6,20449.2,20807.3,0
2009-08-04,21196.8,21196.8,20748.6,20796.4,0
2009-08-05,20779.8,20995.8,20436.7,20494.8,0
2009-08-06,20484.3,20904.9,20339.9,20899.2,0
2009-08-07,20708.1,20759.6,20316.8,20375.4,0
2009-08-10,20758.5,21010.5,20730.4,20929.5,0
2009-08-11,20775,21088.1,20733.3,21074.2,0
2009-08-12,20565.1,20680.7,20417.8,20435.2,0
2009-08-13,20767.9,20943.9,20746.9,20861.3,0
2009-08-14,21024,21037.2,20639.6,20893.3,0
2009-08-17,20467.3,20471.8,20058.1,20137.1,0
2009-08-18,20125.6,20409.2,19916.3,20306.3,0
2009-08-19,20195.1,20352.9,19824.9,19954.2,0
2009-08-20,20282.7,20465.2,20196.3,20328.9,0
2009-08-21,20288.6,20439.4,20002.8,20199,0
2009-08-24,20650,20650,20433.6,20535.9,0
2009-08-25,20246.8,20476.2,20143.5,20435.2,0
2009-08-26,20542.8,20576.6,20401.7,20456.3,0
2009-08-27,20289.3,20364.4,20147.3,20242.8,0
2009-08-28,20409.1,20409.1,20004.7,20098.6,0
2009-08-31,19827.1,19827.1,19592.1,19724.2,0
2009-09-01,19961.7,19961.7,19734.3,19872.3,0
2009-09-02,19560.3,19611.1,19425.9,19522,0
2009-09-03,19526.9,19823,19526.9,19761.7,0
2009-09-04,19830,20413.6,19744.4,20318.6,0
2009-09-07,20502.8,20667.6,20446.2,20629.3,0
2009-09-08,20617.4,21133.7,20617.4,21069.8,0
2009-09-09,21085.1,21085.1,20825.2,20851,0
2009-09-10,21131.1,21322.6,21020.9,21069.6,0
2009-09-11,21122.3,21306.1,20980.2,21161.4,0
2009-09-14,20841.5,21045,20821.6,20932.2,0
2009-09-15,21049.2,21049.2,20819.9,20866.4,0
2009-09-16,21086.8,21403.1,20950.4,21402.9,0
2009-09-17,21674.7,21929.8,21636.5,21768.5,0
2009-09-18,21641,21766,21515.9,21623.4,0
2009-09-21,21574.9,21730.7,21457.3,21472.8,0
2009-09-22,21556.7,21704.1,21491.7,21701.1,0
2009-09-23,21655.6,21742.4,21524.3,21595.5,0
2009-09-24,21386.5,21399.2,20963.4,21050.7,0
2009-09-25,20810.8,21065.7,20766.5,21024.4,0
2009-09-28,20798.5,20829.5,20534.8,20588.4,0
2009-09-29,20889.8,21087.2,20889.8,21013.2,0
2009-09-30,20981.1,21090.5,20793,20955.2,0
2009-10-02,20380.2,20470.9,20323.6,20375.5,0
2009-10-05,20342.6,20489.9,20305.1,20429.1,0
2009-10-06,20509.6,20824.1,20509.6,20811.5,0
2009-10-07,21075,21343.8,21072.6,21241.6,0
2009-10-08,21418.3,21524.1,21284.4,21492.9,0
2009-10-09,21572.7,21572.7,21421.8,21499.4,0
2009-10-12,21623.3,21623.3,21262.7,21299.3,0
2009-10-13,21371.8,21679.2,21371.8,21467.4,0
2009-10-14,21564.3,21893.4,21562.7,21886.5,0
2009-10-15,22209.2,22250.3,21971.5,21999.1,0
2009-10-16,22138.1,22143,21899.2,21929.9,0
2009-10-19,21761.8,22250.2,21761.8,22200.5,0
2009-10-20,22260.4,22451.6,22260.4,22385,0
2009-10-21,22299.7,22407.1,22200.6,22318.1,0
2009-10-22,22237.4,22266.7,22002.8,22210.5,0
2009-10-23,22438.9,22620,22407.4,22589.7,0
2009-10-27,22016.8,22277.1,22016.8,22169.6,0
2009-10-28,22004.6,22149,21740.3,21761.6,0
2009-10-29,21290.1,21346.6,21134.3,21265,0
2009-10-30,21720.4,21953.6,21720.4,21752.9,0
2009-11-02,21194.1,21632.9,21130.9,21620.2,0
2009-11-03,21598.6,21684.7,21223.4,21240.1,0
2009-11-04,21396.5,21699.8,21360.7,21614.8,0
2009-11-05,21405.1,21549.1,21373,21479.1,0
2009-11-06,21866.7,21931.4,21780.6,21829.7,0
2009-11-09,22004.5,22214.8,21941.6,22207.6,0
2009-11-10,22556.6,22556.6,22200.2,22268.2,0
2009-11-11,22534.1,22643.7,22396,22627.2,0
2009-11-12,22660.5,22707.4,22359.1,22397.6,0
2009-11-13,22381.3,22585.5,22344,22553.6,0
2009-11-16,22790,22998.8,22770.7,22944,0
2009-11-17,23000.4,23000.4,22798,22914.2,0
2009-11-18,22974.4,23099.6,22645.7,22840.3,0
2009-11-19,22894.8,22894.8,22587.2,22643.2,0
2009-11-20,22486.6,22584.6,22376.4,22455.8,0
2009-11-23,22541.7,22794.1,22490.3,22771.4,0
2009-11-24,22697.6,22813.9,22395.4,22423.1,0
2009-11-25,22505.9,22638.9,22336.1,22611.8,0
2009-11-26,22580.2,22580.2,22108.3,22210.4,0
2009-11-27,21623.9,21685.1,21002.5,21134.5,0
2009-11-30,21687.7,21924.1,21687.7,21821.5,0
2009-12-01,21813.4,22130.8,21789.4,22113.2,0
2009-12-02,22402.5,22439.4,22266.7,22289.6,0
2009-12-03,22503.7,22593.7,22333.7,22553.9,0
2009-12-04,22400.5,22528.8,22240.9,22498.2,0
2009-12-07,22387.2,22476.6,22256.1,22325,0
2009-12-08,22306.2,22306.2,22055,22060.5,0
2009-12-09,21905.8,22034.8,21658.3,21741.8,0
2009-12-10,21939.1,21981.4,21565.6,21700,0
2009-12-11,21796.8,22143.8,21796.8,21902.1,0
2009-12-14,21639,22225.8,21546.5,22085.8,0
2009-12-15,22032.2,22032.2,21779.9,21813.9,0
2009-12-16,21840.2,21907.3,21517.6,21611.7,0
2009-12-17,21665.8,21665.8,21218.9,21347.6,0
2009-12-18,21162.4,21281.9,21078.2,21175.9,0
2009-12-21,21110.2,21178.4,20932.8,20948.1,0
2009-12-22,21151.8,21229.7,21029.3,21092,0
2009-12-23,21115.9,21339.2,21017,21328.7,0
2009-12-24,21378.8,21592,21357.3,21517,0
2009-12-28,21622.1,21739.4,21474.1,21480.2,0
2009-12-29,21544.4,21609,21392.9,21499.4,0
2009-12-30,21469.3,21620.7,21320.1,21496.6,0
2009-12-31,21654.2,21886.3,21587.5,21872.5,0
2010-01-04,21860,22024.8,21689.2,21823.3,0
2010-01-05,22092.2,22297,21987.3,22279.6,0
2010-01-06,22357.5,22514.8,22277.1,22416.7,0
2010-01-07,22548,22548,22169.6,22269.4,0
2010-01-08,22282.8,22443.2,22206.2,22296.8,0
2010-01-11,22524.2,22671.9,22374,22411.5,0
2010-01-12,22378.2,22476.1,22193,22326.6,0
2010-01-13,21990.7,22012,21688.2,21748.6,0
2010-01-14,21871,21988.9,21707.1,21716.9,0
2010-01-15,21715.1,21788.8,21581.1,21654.2,0
2010-01-18,21418.3,21645.7,21321,21460,0
2010-01-19,21481.1,21681.7,21335.6,21678,0
2010-01-20,21543.2,21561.6,21171.3,21286.2,0
2010-01-21,21192.8,21272.3,20828.2,20862.7,0
2010-01-22,20527.2,20739,20250.4,20726.2,0
2010-01-25,20447.8,20619.7,20422.7,20598.6,0
2010-01-26,20560.1,20560.1,20046.6,20109.3,0
2010-01-27,20185.8,20340.8,19923.6,20033.1,0
2010-01-28,20202.3,20437.6,20170.2,20356.4,0
2010-01-29,20026.5,20327.7,19916.3,20122,0
2010-02-01,19987.7,20254.2,19845.9,20243.8,0
2010-02-02,20433,20534,20181.3,20272.2,0
2010-02-03,20486.2,20780.5,20315.3,20722.1,0
2010-02-04,20534.7,20554.2,20316.3,20341.6,0
2010-02-05,19706.2,19822.9,19655.9,19665.1,0
2010-02-08,19614.8,19673.1,19423.1,19550.9,0
2010-02-09,19493.5,19843.9,19461.2,19790.3,0
2010-02-10,19914.8,19976.7,19681.5,19922.2,0
2010-02-11,20095.5,20310.8,20095.5,20290.7,0
2010-02-12,20240.7,20428.3,20212.6,20268.7,0
2010-02-17,20657.9,20684.2,20471.4,20534,0
2010-02-18,20534.8,20569.6,20381.3,20422.2,0
2010-02-19,20261.5,20261.5,19874.6,19894,0
2010-02-22,20407.8,20427.1,20313.2,20377.3,0
2010-02-23,20218.5,20711.8,20120.1,20623,0
2010-02-24,20357.4,20583.8,20351.1,20467.7,0
2010-02-25,20512.4,20644.3,20262,20399.6,0
2010-02-26,20657.8,20662.8,20567.6,20608.7,0
2010-03-01,20853.1,21056.9,20853.1,21056.9,0
2010-03-02,20921.4,20961.8,20847.5,20906.1,0
2010-03-03,21016.3,21016.3,20845.2,20876.8,0
2010-03-04,20983.8,21000.1,20575.8,20575.8,0
2010-03-05,20821,20821,20654.9,20788,0
2010-03-08,21099.7,21257.1,21080.8,21196.9,0
2010-03-09,21153.6,21277.7,21128.9,21207.6,0
2010-03-10,21293.5,21293.5,21156.1,21208.3,0
2010-03-11,21333.1,21333.1,21059.1,21228.2,0
2010-03-12,21249.8,21260.1,21116.8,21209.7,0
2010-03-15,21036.4,21116.5,20964.3,21079.1,0
2010-03-16,21135.8,21196.8,20986.7,21022.9,0
2010-03-17,21183.6,21440.2,21159.4,21384.5,0
2010-03-18,21429.7,21440.8,21287.4,21330.7,0
2010-03-19,21359.6,21389,21257.8,21370.8,0
2010-03-22,21120.4,21120.4,20899.7,20933.2,0
2010-03-23,21070.7,21211.1,20971.6,20987.8,0
2010-03-24,21203.5,21205.5,20974.1,21008.6,0
2010-03-25,20799.1,20800.9,20659.3,20778.6,0
2010-03-26,20679.7,21126.8,20679.7,21053.1,0
2010-03-29,21148.1,21318.2,21125.9,21237.4,0
2010-03-30,21230.5,21451,21202.2,21374.8,0
2010-03-31,21366.6,21446.8,21230.3,21239.3,0
2010-04-01,21390.9,21547.7,21373.2,21537,0
2010-04-07,21828.3,21935.4,21747.6,21928.8,0
2010-04-08,21836.4,21949.2,21813.3,21867,0
2010-04-09,22014.7,22249.2,21963.8,22208.5,0
2010-04-12,22388.8,22388.8,22131.9,22138.2,0
2010-04-13,22216.1,22290.7,22008.1,22103.5,0
2010-04-14,22183.1,22192.3,22061.8,22121.4,0
2010-04-15,22265.4,22337.9,22113.2,22157.8,0
2010-04-16,22059.3,22112,21788.9,21865.3,0
2010-04-19,21557.8,21582.1,21283.3,21405.2,0
2010-04-20,21519.3,21647.8,21507.5,21623.4,0
2010-04-21,21732.8,21740.6,21476,21510.9,0
2010-04-22,21283.9,21471.1,21206.7,21454.9,0
2010-04-23,21385.2,21442.8,21232.2,21244.5,0
2010-04-26,21501.2,21617.8,21489.1,21587.1,0
2010-04-27,21341.5,21383.2,21224.1,21261.8,0
2010-04-28,20853.8,21021.7,20853.8,20949.4,0
2010-04-29,20994.4,21007.6,20763.3,20778.9,0
2010-04-30,20934.1,21121.5,20920.2,21108.6,0
2010-05-03,20799.8,20886.8,20774,20811.4,0
2010-05-04,20935.9,21011.9,20743.5,20763.1,0
2010-05-05,20390.1,20505.7,20293.2,20327.5,0
2010-05-06,20177.5,20303.2,19888.5,20133.4,0
2010-05-07,19699.5,20037.6,19699.5,19920.3,0
2010-05-10,20118.9,20491.9,20035.6,20426.6,0
2010-05-11,20346.5,20398.4,19977.1,20146.5,0
2010-05-12,20175.7,20237.9,20003.5,20212.5,0
2010-05-13,20411.6,20526.6,20274,20422.5,0
2010-05-14,20258.4,20352.8,20130.8,20145.4,0
2010-05-17,19832,19832,19593.5,19715.2,0
2010-05-18,19768.8,20013.3,19672.4,19944.9,0
2010-05-19,19552.2,19785.9,19546.2,19579,0
2010-05-20,19694.5,19747.2,19276.5,19545.8,0
2010-05-24,19470.3,19757.4,19470.3,19667.8,0
2010-05-25,19317.2,19328.4,18974.5,18985.5,0
2010-05-26,19177.3,19242.1,19047.7,19196.4,0
2010-05-27,19015.9,19555.8,18971.5,19431.4,0
2010-05-28,19816.4,19910.1,19710.9,19766.7,0
2010-05-31,19705.5,19824,19629.8,19765.2,0
2010-06-01,19600.6,19805.6,19463.3,19496.9,0
2010-06-02,19651.6,19656.2,19372.1,19471.8,0
2010-06-03,19822.9,19859.8,19744.3,19786.7,0
2010-06-04,19765.2,19841.7,19658.7,19780.1,0
2010-06-07,19211.7,19389.9,19211.7,19378.2,0
2010-06-08,19459.7,19510.1,19333.1,19487.5,0
2010-06-09,19488.2,19792.3,19383.9,19621.2,0
2010-06-10,19517.6,19729.2,19517.6,19632.7,0
2010-06-11,19995.6,19995.6,19834.2,19872.4,0
2010-06-14,20102.6,20102.6,20024,20051.9,0
2010-06-15,19998.5,20142.1,19970.9,20062.2,0
2010-06-17,20201.8,20201.8,20078.6,20138.4,0
2010-06-18,20199.2,20315.4,20138.3,20286.7,0
2010-06-21,20571.4,20938.3,20571.4,20912.2,0
2010-06-22,20861.5,20957.1,20796.4,20819.1,0
2010-06-23,20718.7,20866.9,20689.2,20856.6,0
2010-06-24,20797.4,20901.2,20710.2,20733.5,0
2010-06-25,20615.9,20763.3,20563.9,20690.8,0
2010-06-28,20718.1,20862.4,20687.3,20726.7,0
2010-06-29,20727.4,20738.2,20190.9,20248.9,0
2010-06-30,19985.7,20143.2,19971.3,20129,0
2010-07-02,20059.6,20162,19803.2,19905.3,0
2010-07-05,19809.1,19913.4,19793.5,19842.2,0
2010-07-06,19777.8,20084.1,19777.8,20084.1,0
2010-07-07,19948.2,19948.2,19800.2,19857.1,0
2010-07-08,20231.2,20236.2,20002,20050.6,0
2010-07-09,20142.8,20418.3,20116.5,20378.7,0
2010-07-12,20476,20539.6,20368.6,20467.4,0
2010-07-13,20485.1,20529.4,20379,20431.1,0
2010-07-14,20722.2,20722.2,20512.2,20560.8,0
2010-07-15,20530.3,20665.6,20226.3,20255.6,0
2010-07-16,20293.6,20313.7,20173.5,20250.2,0
2010-07-19,20007.9,20127.6,20007.9,20090.9,0
2010-07-20,20075.7,20403,20075.7,20264.6,0
2010-07-21,20377.6,20494.2,20334.3,20487.2,0
2010-07-22,20487.5,20592.5,20384.7,20589.7,0
2010-07-23,20847.8,20847.8,20728.4,20815.3,0
2010-07-26,20944.6,20963.1,20827,20839.9,0
2010-07-27,20965.5,21008.8,20824.1,20973.4,0
2010-07-28,20961.6,21199.6,20902.2,21091.2,0
2010-07-29,21091.2,21130.7,20970.9,21093.8,0
2010-07-30,21008.5,21095.9,20945.6,21029.8,0
2010-08-02,21221.4,21439.2,21221.4,21412.8,0
2010-08-03,21610.2,21610.2,21409.8,21457.7,0
2010-08-04,21567.33,21621.82,21427.51,21549.88,0
2010-08-05,21577.13,21618.58,21462.23,21551.72,0
2010-08-06,21575.95,21722.38,21456.74,21678.8,0
2010-08-09,21640.53,21805.94,21622.12,21801.59,0
2010-08-10,21764.23,21765.58,21446.8,21473.6,0
2010-08-11,21542.27,21643.24,21239.17,21294.54,0
2010-08-12,21039.42,21124.98,20926.48,21105.71,0
2010-08-13,21095.17,21205.68,21012.51,21071.57,0
2010-08-16,20881.95,21209.46,20881.95,21112.12,0
2010-08-17,21081.31,21161.73,21015.01,21137.43,0
2010-08-18,21167.88,21277.12,20968.7,21022.73,0
2010-08-19,21094.7,21297.62,21023.3,21072.46,0
2010-08-20,20929.72,20997.39,20868.24,20981.82,0
2010-08-23,20963.25,21035.01,20845.7,20889.01,0
2010-08-24,20759.35,20937.53,20651.27,20658.71,0
2010-08-25,20603.57,20667.3,20512.78,20634.98,0
2010-08-26,20603.18,20664.76,20567.33,20612.06,0
2010-08-27,20563.09,20670.57,20552.55,20597.35,0
2010-08-30,20797.01,20832.36,20668.81,20737.22,0
2010-08-31,20539.22,20608.55,20372.29,20536.49,0
2010-09-01,20570.52,20649.45,20529.87,20623.83,0
2010-09-02,20864.4,20938.29,20819.61,20868.92,0
2010-09-03,20918.81,21028.66,20860.89,20971.5,0
2010-09-06,21155.91,21398.09,21139.79,21355.77,0
2010-09-07,21419.91,21435.58,21313.26,21401.79,0
2010-09-08,21213.2,21214.81,21066.69,21088.86,0
2010-09-09,21169.82,21248.58,21122.73,21167.27,0
2010-09-10,21310.72,21332.44,21092.81,21257.39,0
2010-09-13,21396.9,21714.36,21395.57,21658.35,0
2010-09-14,21760.73,21763.73,21656.45,21696.04,0
2010-09-15,21819.95,21819.95,21633.07,21725.64,0
2010-09-16,21694.21,21726.01,21525.71,21691.45,0
2010-09-17,21744.53,21988.87,21713.67,21970.86,0
2010-09-20,21918.45,22009.1,21874.42,21977.34,0
2010-09-21,22118.58,22118.58,21950.69,22002.59,0
2010-09-22,22077.38,22229.18,22021.6,22047.71,0
2010-09-24,21972.88,22155.67,21956.76,22119.43,0
2010-09-27,22351.33,22407.23,22292.54,22340.84,0
2010-09-28,22329.82,22371.6,22091.13,22109.95,0
2010-09-29,22314.56,22439.19,22300.09,22378.67,0
2010-09-30,22287.08,22381.33,22202.43,22358.17,0
2010-10-04,22542.36,22734.88,22542.36,22618.66,0
2010-10-05,22532.04,22670.81,22504.05,22639.14,0
2010-10-06,23006.2,23023.13,22872.42,22880.41,0
2010-10-07,22996.73,22996.73,22824.05,22884.32,0
2010-10-08,22861.15,23093.77,22861.15,22944.18,0
2010-10-11,23169.13,23302.29,23151.62,23207.31,0
2010-10-12,23161.21,23254.14,23055.61,23121.7,0
2010-10-13,23329.32,23471.66,23035.57,23457.69,0
2010-10-14,23685.26,23866.87,23614.4,23852.17,0
2010-10-15,23733.79,23862.54,23650.3,23757.63,0
2010-10-18,23693.12,23716.48,23467.45,23469.38,0
2010-10-19,23551.31,23768.09,23551.31,23763.73,0
2010-10-20,23423.82,23689.99,23307.49,23556.5,0
2010-10-21,23736.79,23736.79,23450.83,23649.48,0
2010-10-22,23647.32,23667.42,23465.76,23517.54,0
2010-10-25,23551.14,23781.88,23519.16,23627.91,0
2010-10-26,23727.63,23727.63,23546.33,23601.24,0
2010-10-27,23543.73,23708.67,23148.18,23164.58,0
2010-10-28,23290.54,23290.54,23136.97,23210.86,0
2010-10-29,23177.69,23222.35,22880.68,23096.32,0
2010-11-01,23366.82,23656.65,23366.82,23652.94,0
2010-11-02,23608.18,23724.87,23566.88,23671.42,0
2010-11-03,23802.06,24163.84,23684.99,24144.67,0
2010-11-04,24377.07,24550.08,24345.93,24535.63,0
2010-11-05,24905.43,24931.85,24732.9,24876.82,0
2010-11-08,24838.22,24988.57,24732.52,24964.37,0
2010-11-09,24858.34,24963.26,24687.3,24710.6,0
2010-11-10,24672.5,24692.54,24421.03,24500.61,0
2010-11-11,24598.81,24887.58,24505.15,24700.3,0
2010-11-12,24404.91,24608.66,24187.27,24222.58,0
2010-11-15,24371.77,24382.14,24002.65,24027.18,0
2010-11-16,24009.84,24085.23,23578.87,23693.02,0
2010-11-17,23432.23,23618.24,23192.49,23214.46,0
2010-11-18,23437.8,23671.51,23327.29,23637.39,0
2010-11-19,23625.31,23686.42,23252.33,23605.71,0
2010-11-22,23499.63,23592.77,23419.41,23524.02,0
2010-11-23,23290.28,23322.17,22871.11,22896.14,0
2010-11-24,23107.44,23166.69,22971.21,23023.86,0
2010-11-25,23110.02,23283.22,23037.86,23054.68,0
2010-11-26,22995.3,23107.67,22782.98,22877.25,0
2010-11-29,22832.05,23187.75,22785.28,23166.22,0
2010-11-30,23122.4,23199.44,22844.53,23007.99,0
2010-12-01,22973.8,23325.79,22842.12,23249.8,0
2010-12-02,23554.75,23575.38,23388.74,23448.78,0
2010-12-03,23555.76,23611.04,23286.54,23320.52,0
2010-12-06,23507.2,23612.25,23213.71,23237.69,0
2010-12-07,23177.4,23475.29,23101.81,23428.15,0
2010-12-08,23362.66,23374.37,22998.34,23092.52,0
2010-12-09,23167.87,23269.36,23083.16,23171.8,0
2010-12-10,23091.52,23202.29,22965.9,23162.91,0
2010-12-13,23362.32,23490.18,23233.4,23317.61,0
2010-12-14,23451.4,23453.42,23328.01,23431.19,0
2010-12-15,23371.34,23371.34,22876.88,22975.35,0
2010-12-16,22949.78,22992.07,22598.96,22668.78,0
2010-12-17,22660.88,22732.62,22519.61,22714.85,0
2010-12-20,22708.43,22716.78,22392.67,22639.08,0
2010-12-21,22711.46,23025.47,22671.61,22993.86,0
2010-12-22,23039.85,23160.44,22990.69,23045.19,0
2010-12-23,23139.58,23151.38,22867.93,22902.97,0
2010-12-24,22932.5,22948.25,22776.62,22833.8,0
2010-12-28,22553.15,22684.83,22529.26,22621.73,0
2010-12-29,22725.38,22981.52,22663.8,22969.3,0
2010-12-30,22987.84,23111.27,22890.56,22999.34,0
2010-12-31,23079.84,23102.05,23012.5,23035.45,0
2011-01-03,23135.64,23443.53,23057.52,23436.05,0
2011-01-04,23477.31,23695.61,23408.09,23668.48,0
2011-01-05,23650.18,23773.98,23579.74,23757.82,0
2011-01-06,23861.22,23861.22,23698.38,23786.3,0
2011-01-07,23744.03,23880.77,23654.04,23686.63,0
2011-01-10,23715.47,23783.83,23481.8,23527.26,0
2011-01-11,23606.76,23855.83,23512.22,23760.34,0
2011-01-12,23857.17,24168.36,23857.17,24125.61,0
2011-01-13,24347.34,24378.81,24208.45,24238.98,0
2011-01-14,24273.62,24347.26,24187.9,24283.23,0
2011-01-17,24364.07,24364.07,24098.03,24156.97,0
2011-01-18,24149.44,24382.01,24104.34,24153.98,0
2011-01-19,24321.25,24434.4,24243.88,24419.62,0
2011-01-20,24248.32,24248.32,23963.86,24003.7,0
2011-01-21,23913.19,24130.16,23840.29,23876.86,0
2011-01-24,23970.3,23970.3,23751.72,23801.78,0
2011-01-25,23891.68,23999.11,23769.46,23788.83,0
2011-01-26,23802.88,23976.37,23662.18,23843.24,0
2011-01-27,23771.12,24023.68,23734.7,23779.62,0
2011-01-28,23763.74,23763.74,23580.42,23617.02,0
2011-01-31,23314.69,23520.54,23285.6,23447.34,0
2011-02-01,23451.62,23552.23,23422.72,23482.95,0
2011-02-02,23700.16,23922.74,23671.51,23908.96,0
2011-02-07,23981.74,23981.74,23530.8,23553.59,0
2011-02-08,23613.49,23616.83,23396.17,23484.3,0
2011-02-09,23535.41,23591.5,23128.72,23164.03,0
2011-02-10,23035.64,23069.42,22668.02,22708.62,0
2011-02-11,22752.55,22861.53,22446.67,22828.92,0
2011-02-14,22920.29,23187.82,22899.58,23121.06,0
2011-02-15,23037.03,23104.98,22881.16,22899.78,0
2011-02-16,23015.39,23183.28,22809.01,23150.28,0
2011-02-17,23173.48,23320.43,23079.47,23301.84,0
2011-02-18,23342.67,23614.61,23316.3,23595.24,0
2011-02-21,23500.11,23585.63,23444.77,23485.42,0
2011-02-22,23170.52,23170.52,22938.13,22990.81,0
2011-02-23,22983.37,23055.47,22837.09,22906.9,0
2011-02-24,22856.78,23036.93,22575.99,22601.04,0
2011-02-25,22727.04,23091.32,22712.96,23012.37,0
2011-02-28,22900.15,23388.32,22886.37,23338.02,0
2011-03-01,23317.96,23478.7,23244.11,23396.42,0
2011-03-02,23114.43,23114.43,22915.65,23048.66,0
2011-03-03,23102.83,23329.38,23097.15,23122.42,0
2011-03-04,23406.77,23506.67,23374.6,23408.86,0
2011-03-07,23257.14,23491.71,23229.07,23313.19,0
2011-03-08,23401.49,23731.89,23307.7,23711.7,0
2011-03-09,23863.93,23934.07,23775.7,23810.11,0
2011-03-10,23818.64,23818.64,23564.95,23614.89,0
2011-03-11,23437.5,23514.73,23105.99,23249.78,0
2011-03-14,23207.15,23345.88,23078.94,23345.88,0
2011-03-15,23110.71,23110.71,22253.47,22678.25,0
2011-03-16,22814.5,22814.5,22541.55,22700.88,0
2011-03-17,22237.24,22393.98,22123.26,22284.43,0
2011-03-18,22387.98,22464.35,22273.7,22300.23,0
2011-03-21,22401.06,22711.84,22395.3,22685.22,0
2011-03-22,22732.95,22880.59,22654.22,22857.9,0
2011-03-23,22797.94,22849.23,22714.86,22825.4,0
2011-03-24,23005.49,23050.87,22890.83,22915.28,0
2011-03-25,23135.38,23179.26,23068.09,23158.67,0
2011-03-28,23114.07,23261.68,22952.43,23068.19,0
2011-03-29,22997.35,23137.15,22965.34,23060.36,0
2011-03-30,23192.79,23505.11,23180.92,23451.43,0
2011-03-31,23618.06,23618.06,23450.46,23527.52,0
2011-04-01,23664.48,23827.21,23474.34,23801.9,0
2011-04-04,23917.01,24164.37,23917.01,24150.58,0
2011-04-06,24182.83,24322.26,24102.6,24285.05,0
2011-04-07,24317.82,24368.76,24195.61,24281.8,0
2011-04-08,24306.44,24468.64,24251.74,24396.07,0
2011-04-11,24394.99,24466.47,24250.05,24303.07,0
2011-04-12,24142.55,24142.55,23916.55,23976.37,0
2011-04-13,23981.05,24200.32,23842.29,24135.03,0
2011-04-14,23951.88,24070.76,23912.27,24014,0
2011-04-15,24086.55,24236.54,23902.03,24008.07,0
2011-04-18,23977.87,24145.43,23769.48,23830.31,0
2011-04-19,23654.86,23654.86,23468.2,23520.62,0
2011-04-20,23709.29,23904.77,23682.79,23896.1,0
2011-04-21,24090.55,24185.49,24031.42,24138.31,0
2011-04-26,23964.62,24070.03,23844.3,24007.38,0
2011-04-27,24193.28,24260.77,23825.13,23892.84,0
2011-04-28,24103.03,24132.05,23761.13,23805.63,0
2011-04-29,23774.47,23808.93,23633.74,23720.81,0
2011-05-03,23794.86,23924.48,23599.28,23633.25,0
2011-05-04,23582.6,23582.6,23230.38,23323.91,0
2011-05-05,23228.01,23348.33,23167.93,23259.41,0
2011-05-06,23035.94,23207.44,22985.66,23159.14,0
2011-05-09,23239.15,23392.7,23239.15,23336,0
2011-05-11,23509.01,23509.01,23233.42,23291.8,0
2011-05-12,23112.13,23127.98,22985.54,23073.76,0
2011-05-13,23120,23295.03,22888.08,23276.27,0
2011-05-16,23054.06,23134.64,22937.14,22960.63,0
2011-05-17,22896.2,22967.88,22768.03,22901.08,0
2011-05-18,22968.62,23057.72,22924.46,23011.14,0
2011-05-19,23125.28,23248.13,23031.6,23163.38,0
2011-05-20,23215.62,23242.63,23147.42,23199.39,0
2011-05-23,22942.96,22942.96,22691.33,22711.02,0
2011-05-24,22693.1,22754.45,22631.13,22730.78,0
2011-05-25,22558.33,22767.01,22519.66,22747.28,0
2011-05-26,22848.06,22943.85,22796.13,22900.79,0
2011-05-27,22939.95,23150.6,22859.98,23118.07,0
2011-05-30,23117.8,23257.85,23086.05,23184.32,0
2011-05-31,23380.29,23707.95,23371.48,23684.13,0
2011-06-01,23686.77,23706,23598.39,23626.43,0
2011-06-02,23280.05,23317.79,23210.95,23253.84,0
2011-06-03,23338.76,23338.76,22932.48,22949.56,0
2011-06-07,22762.21,22928.96,22730.12,22868.67,0
2011-06-08,22757.62,22757.62,22607.09,22661.63,0
2011-06-09,22628.13,22647.3,22372.94,22609.83,0
2011-06-10,22641.62,22674.8,22297.94,22420.37,0
2011-06-13,22172.61,22508.5,22156.81,22508.08,0
2011-06-14,22298.47,22642.46,22298.47,22496,0
2011-06-15,22532.84,22598.76,22327,22343.77,0
2011-06-16,22048.28,22065.46,21874.89,21953.11,0
2011-06-17,21969.68,21971.24,21628.33,21695.26,0
2011-06-20,21770.79,21897.35,21508.77,21599.51,0
2011-06-21,21783.86,21875.16,21656.06,21850.59,0
2011-06-22,22044.16,22047.85,21837.84,21859.97,0
2011-06-23,21777.11,21905.1,21632.87,21759.14,0
2011-06-24,21843.76,22182.75,21783.73,22171.95,0
2011-06-27,21888.04,22099.29,21888.04,22041.77,0
2011-06-28,22168.93,22206.09,21952.37,22061.78,0
2011-06-29,22229.84,22237.1,22022.06,22061.18,0
2011-06-30,22233.7,22464.05,22174.61,22398.1,0
2011-07-04,22813.25,22817.5,22728.65,22770.47,0
2011-07-05,22821.75,22821.75,22707.1,22747.95,0
2011-07-06,22645.35,22737.5,22509.18,22517.55,0
2011-07-07,22587.5,22707.37,22523.93,22530.18,0
2011-07-08,22706.24,22835.03,22677.97,22726.43,0
2011-07-11,22598.62,22598.62,22307.22,22347.23,0
2011-07-12,22092.57,22092.57,21648.39,21663.16,0
2011-07-13,21794.37,21935.68,21718.81,21926.88,0
2011-07-14,21936.87,21945.02,21747.45,21940.2,0
2011-07-15,21872.56,21974.57,21774.95,21875.38,0
2011-07-18,21727.93,22026.6,21727.93,21804.75,0
2011-07-19,21805,21909.54,21611.16,21902.4,0
2011-07-20,22072.89,22088.24,21871.96,22003.69,0
2011-07-21,22058.63,22090.55,21857.03,21987.29,0
2011-07-22,22231.6,22449.11,22231.6,22444.8,0
2011-07-25,22287.37,22330.2,22217.4,22293.29,0
2011-07-26,22285.04,22581.56,22262.46,22572.08,0
2011-07-27,22489.7,22635.38,22469.18,22541.69,0
2011-07-28,22246.7,22572.3,22231.07,22570.74,0
2011-07-29,22544.51,22623.01,22323.16,22440.25,0
2011-08-01,22739.55,22808.33,22651,22663.37,0
2011-08-02,22532.77,22623.22,22387.92,22421.46,0
2011-08-03,22015.67,22041.87,21882.78,21992.72,0
2011-08-04,22019.92,22087.12,21725.67,21884.74,0
2011-08-05,20939.4,21017.72,20643.26,20946.14,0
2011-08-08,20409.01,20572.51,20044.37,20490.57,0
2011-08-09,19209.7,20158.55,18868.11,19330.7,0
2011-08-10,19993.78,20105.87,19672.66,19783.67,0
2011-08-11,19319.43,19728.88,19269.41,19595.14,0
2011-08-12,19955.82,19955.82,19575,19620.01,0
2011-08-15,20056.78,20264.33,19924.56,20260.1,0
2011-08-16,20344.75,20431.86,20140.31,20212.08,0
2011-08-17,20318.37,20504.38,20214.72,20289.03,0
2011-08-18,20261.21,20342.24,19969.21,20016.27,0
2011-08-19,19478.82,19595.92,19314.42,19399.92,0
2011-08-22,19465.3,19666.84,19047.64,19486.87,0
2011-08-23,19476.47,19893.37,19383.38,19875.53,0
2011-08-24,19863.11,19876.67,19452.65,19466.79,0
2011-08-25,19744.52,19803.28,19638.87,19752.48,0
2011-08-26,19733.71,19919.92,19549.53,19582.88,0
2011-08-29,19883.06,19919.34,19749.4,19865.11,0
2011-08-30,20203.55,20341.12,20071.52,20204.17,0
2011-08-31,20256.34,20556.93,20168.93,20534.85,0
2011-09-01,20790.22,20975.3,20572.97,20585.33,0
2011-09-02,20557.92,20580.81,20178.67,20212.91,0
2011-09-05,19830.5,19830.5,19567.77,19616.4,0
2011-09-06,19378.78,19727.89,19290.4,19710.5,0
2011-09-07,19836.25,20069.75,19785.29,20048,0
2011-09-08,20159.29,20159.29,19799.49,19912.82,0
2011-09-09,19997.89,20088.8,19808.95,19866.63,0
2011-09-12,19264.68,19303.74,18989.44,19030.54,0
2011-09-14,19216.29,19248.64,18627.65,19045.44,0
2011-09-15,19186.76,19269.41,18935.08,19181.5,0
2011-09-16,19545.5,19652.53,19454.74,19455.31,0
2011-09-19,19247.59,19247.59,18876.06,18917.95,0
2011-09-20,19008.61,19055.16,18732.75,19014.8,0
2011-09-21,18891.5,19023.57,18698.9,18824.17,0
2011-09-22,18296.8,18296.8,17859.31,17911.95,0
2011-09-23,17585.79,17813.57,17373.41,17668.83,0
2011-09-26,17634.42,17734.84,16999.54,17407.8,0
2011-09-27,17818.97,18136.02,17769.06,18130.55,0
2011-09-28,17962.49,18101.27,17843.95,18011.06,0
2011-09-30,17946.24,17946.24,17502.08,17592.41,0
2011-10-03,17179.2,17179.2,16717.14,16822.15,0
2011-10-04,16731.58,16840.91,16170.35,16250.27,0
2011-10-06,16975,17179.93,16849.45,17172.28,0
2011-10-07,17540.72,17800.72,17505.38,17707.01,0
2011-10-10,17853.26,17859.35,17437.84,17711.06,0
2011-10-11,18441.87,18456.16,18041.7,18141.59,0
2011-10-12,17990.56,18411.77,17804.56,18329.46,0
2011-10-13,18601.65,18758.74,18453.05,18757.81,0
2011-10-14,18639.43,18665.95,18367.85,18501.79,0
2011-10-17,18808.66,18908.17,18675.81,18873.99,0
2011-10-18,18411.4,18411.4,17963.26,18076.46,0
2011-10-19,18400.33,18426.29,18203.99,18309.22,0
2011-10-20,18198.12,18198.12,17782,17983.1,0
2011-10-21,18034.2,18082.43,17926.29,18025.72,0
2011-10-24,18444.16,18826.85,18435.41,18771.82,0
2011-10-25,18867.51,18981.57,18801.42,18968.2,0
2011-10-26,18727.96,19106.74,18705.08,19066.54,0
2011-10-27,19067.59,19693.19,19046.47,19688.7,0
2011-10-28,20152.22,20272.38,19972.24,20019.24,0
2011-10-31,20027.72,20155.62,19699.33,19864.87,0
2011-11-01,19461.08,19698.99,19322.6,19369.96,0
2011-11-02,19091.85,19745.48,19024.07,19733.71,0
2011-11-03,19418.82,19541.12,19142.34,19242.5,0
2011-11-04,19922.77,19981.52,19773.31,19842.79,0
2011-11-07,19894.22,19977.09,19649.57,19677.89,1619993216
2011-11-08,19848.5,19914.92,19659.94,19678.47,1457180544
2011-11-09,20067.38,20166.6,19968.09,20004.46,1943931136
2011-11-10,19091.4,19199.08,18945.58,18963.89,2485571072
2011-11-11,19143.58,19206.34,19029.04,19137.17,1279485056
2011-11-14,19600.37,19640.68,19496.16,19508.18,1683768064
2011-11-15,19305.28,19420.06,19240.35,19348.44,5166621696
2011-11-16,19483.1,19483.1,18768.67,18960.9,1615190400
2011-11-17,18686.17,18958.97,18657.74,18817.47,2567727616
2011-11-18,18561.04,18561.04,18398.96,18491.23,1662337408
2011-11-21,18213.72,18293.94,18054.23,18225.85,1367022720
2011-11-22,18225.48,18355.12,18017.5,18251.59,1961345152
2011-11-23,17954.58,17964.4,17838.74,17864.43,1582422912
2011-11-24,17657.69,17997.07,17657.69,17935.1,1402041344
2011-11-25,17658.78,17827.81,17613.2,17689.48,944755264
2011-11-28,18019.21,18095.2,17954.19,18037.81,1142332672
2011-11-29,18225.1,18372.45,18053.92,18256.2,1726122496
2011-11-30,18192.29,18192.29,17860.8,17989.35,3420057088
2011-12-01,19033.96,19050.56,18868.32,19002.26,3561534976
2011-12-02,18977.2,19151.65,18878.31,19040.39,2307844352
2011-12-05,19117.89,19188.86,18972.9,19179.69,1604780800
2011-12-06,19011.81,19038.48,18818.68,18942.23,1252330624
2011-12-07,19114.02,19242.8,19009.43,19240.58,1846600832
2011-12-08,19112.33,19137.56,18956.41,19107.81,1297769216
2011-12-09,18721.16,18840.93,18511.42,18586.23,1661916416
2011-12-12,18853.32,18919.42,18508.12,18575.66,1167983232
2011-12-13,18327.45,18465.39,18297.66,18447.17,1049706240
2011-12-14,18301.05,18476.15,18280.67,18354.43,1203253632
2011-12-15,18122.73,18133.94,17895.15,18026.84,1711814912
2011-12-16,18025.6,18390.41,18025.6,18285.39,2209494016
2011-12-19,18053.64,18092.35,17821.52,18070.21,1392940160
2011-12-20,18044.75,18270.7,18010.26,18080.2,1196532608
2011-12-21,18462.64,18473.19,18288.65,18416.45,1424472960
2011-12-22,18356.87,18388.01,18238.38,18378.23,903858496
2011-12-23,18589.68,18636.75,18539.59,18629.17,965404352
2011-12-28,18621.5,18621.5,18461.97,18518.67,862673280
2011-12-29,18329.61,18409.12,18293.81,18397.92,1205224320
2011-12-30,18489.04,18506.27,18415.85,18434.39,837154816
2012-01-03,18770.64,18886.12,18724.17,18877.41,1247580416
2012-01-04,18970.6,18970.6,18687.94,18727.31,1169241216
2012-01-05,18753.38,18821.09,18723.28,18813.41,1035426944
2012-01-06,18784.86,18784.86,18506.58,18593.06,1434068992
2012-01-09,18588.36,18884.26,18302.84,18865.72,1380951680
2012-01-10,18948.12,19086.53,18858.57,19004.28,1994815232
2012-01-11,19071.9,19175.85,18983.14,19151.94,2037326208
2012-01-12,19112.76,19261.29,19050.95,19095.38,1791582336
2012-01-13,19232.21,19232.21,19073.18,19204.42,2018465408
2012-01-16,19070.74,19070.74,18985.75,19012.2,1354845952
2012-01-17,19198.09,19640.28,19173.29,19627.75,2590203648
2012-01-18,19651.59,19726.84,19577.07,19686.92,1947200768
2012-01-19,19842.46,19956.54,19776.32,19942.95,2497477376
2012-01-20,20161.72,20161.72,19927.88,20110.37,1966388352
2012-01-26,20453.47,20453.47,20301.59,20439.14,2041611008
2012-01-27,20443.46,20590.8,20384.05,20501.67,1809725056
2012-01-30,20518,20518,20144.95,20160.41,2136671232
2012-01-31,20326.49,20465.89,20219.27,20390.49,2386779648
2012-02-01,20394.67,20534.22,20269.51,20333.37,1499488384
2012-02-02,20638.96,20761.7,20564.97,20739.45,2100068096
2012-02-03,20680.71,20796.74,20639.49,20756.98,1663273600
2012-02-06,21015.55,21015.55,20633.13,20709.94,1900864384
2012-02-07,20808.05,20881.85,20649.27,20699.19,1519257728
2012-02-08,20827.89,21023.33,20755.73,21018.46,1739168640
2012-02-09,20922.29,21053.06,20787.84,21010.01,2208070912
2012-02-10,20986.25,21002.33,20703.79,20783.86,1997876608
2012-02-13,20718.8,20969.05,20673.96,20887.4,1515547648
2012-02-14,20845.24,20947.95,20813.53,20917.83,1174512128
2012-02-15,20993.58,21403.28,20933.39,21365.23,2038762112
2012-02-16,21266.51,21317.72,21157.55,21277.28,1548013696
2012-02-17,21503.59,21546.73,21381.69,21491.62,1590262656
2012-02-20,21760.34,21760.34,21393.48,21424.79,1855260416
2012-02-21,21434.31,21480.34,21221.39,21478.72,1547155968
2012-02-22,21339.02,21569.74,21302.19,21549.28,1377263872
2012-02-23,21356.53,21428.5,21325.56,21380.99,1125571200
2012-02-24,21438.97,21468.93,21292.4,21406.86,1386342400
2012-02-27,21381.66,21589.02,21076.52,21217.86,1610982016
2012-02-28,21303.39,21583.07,21273.99,21568.73,1614442368
2012-02-29,21643.85,21716.76,21525.91,21680.08,1557394176
2012-03-01,21578.19,21641.14,21338.29,21387.96,1377724032
2012-03-02,21618.15,21623.24,21531.93,21562.26,1592404736
2012-03-05,21518.03,21578.76,21230.61,21265.31,1255361664
2012-03-06,21173.74,21173.74,20789.36,20806.25,3940575232
2012-03-07,20521.96,20732.87,20521.96,20627.78,2211849472
2012-03-08,20722.95,20909.71,20681.09,20900.73,1592319872
2012-03-09,20930.93,21209.79,20917.68,21086,1399879936
2012-03-12,21073.59,21170.55,20924.36,21134.18,1130190848
2012-03-13,21279.41,21427.12,21261.32,21339.7,1360783488
2012-03-14,21564.21,21638.32,21263.02,21307.89,1924523136
2012-03-15,21323.06,21368.48,21162.17,21353.53,1320818688
2012-03-16,21350.25,21438.62,21253.39,21317.85,1537009664
2012-03-19,21454.01,21454.01,21075.38,21115.29,1350633088
2012-03-20,21183.04,21183.04,20786.69,20888.24,1707925248
2012-03-21,20948.13,20993.48,20756.03,20856.63,1512320384
2012-03-22,20886.12,20978.49,20801.79,20901.56,1173606272
2012-03-23,20740.56,20742.7,20596.89,20668.8,1571090560
2012-03-26,20672.37,20776.36,20580.72,20668.86,1433061760
2012-03-27,20921.8,21063.38,20896.19,21046.91,1531093120
2012-03-28,20959.98,20989.58,20798.09,20885.42,1502762240
2012-03-29,20720.34,20720.34,20527.26,20609.39,1671524992
2012-03-30,20380.06,20566.09,20377.78,20555.58,1905267712
2012-04-02,20662.97,20662.97,20417.69,20522.26,1073392512
2012-04-03,20704.15,20816.09,20588.2,20790.98,1371781760
2012-04-05,20479.27,20670.2,20404.15,20593,1406878208
2012-04-10,20387.43,20472.96,20297.39,20356.24,1243823616
2012-04-11,20092.96,20188.56,20035.68,20140.67,1291420032
2012-04-12,20179.72,20360.48,20138.02,20327.32,1535836160
2012-04-13,20640.5,20718.43,20574.35,20701.04,2071051776
2012-04-16,20516.09,20625.39,20514.09,20610.64,5036283392
2012-04-17,20678.04,20678.04,20392.57,20562.31,1489108352
2012-04-18,20800.21,20862.32,20715.94,20780.73,1484985472
2012-04-19,20767.46,20995.01,20767.46,20995.01,1119693312
2012-04-20,20933.27,21076.43,20881.62,21010.64,1079271552
2012-04-23,20970.96,20970.96,20624.39,20624.39,1192054144
2012-04-24,20606.17,20771.79,20534.13,20677.16,1280554624
2012-04-25,20751.54,20751.82,20584.98,20646.29,1060608896
2012-04-26,20753.18,20826.91,20674.94,20809.71,1113077888
2012-04-27,20916.08,20929.96,20648.77,20741.45,1549824768
2012-04-30,20889.77,21105.57,20889.77,21094.21,1353087232
2012-05-02,21245.48,21385.3,21237.17,21309.08,1550182656
2012-05-03,21209.44,21256.81,21153.63,21249.53,7112369664
2012-05-04,21107.19,21170.64,21061.14,21086,1367404288
2012-05-07,20658.41,20674.45,20477.86,20536.65,2201041920
2012-05-08,20647.38,20647.38,20399.38,20484.75,1480445440
2012-05-09,20361.55,20371.66,20257.61,20330.64,1797879424
2012-05-10,20313.97,20375.04,20091.68,20227.28,1720960640
2012-05-11,20083.27,20083.27,19901.41,19964.63,1624694784
2012-05-14,20037.52,20044.69,19715.51,19735.04,1730108288
2012-05-15,19702.54,19923.19,19639.85,19894.31,1867689984
2012-05-16,19655.34,19655.34,19181.19,19259.83,2066051584
2012-05-17,19369.43,19452.3,19139.73,19200.93,1789919616
2012-05-18,18787,18985.43,18622.31,18951.85,2373232384
2012-05-21,18902,18951.73,18796.69,18922.32,1236217088
2012-05-22,19061.42,19182.66,19002.64,19039.15,1470101632
2012-05-23,18842.32,18845.84,18661.48,18786.19,1478242944
2012-05-24,18755.09,18835.81,18654.76,18666.4,1400663168
2012-05-25,18734.38,18778.44,18577.09,18713.41,1576541952
2012-05-28,18672.32,18858.32,18672.32,18800.99,1267920384
2012-05-29,18735.5,19058.47,18735.5,19055.46,1512895360
2012-05-30,18897.12,18897.12,18604.45,18690.22,1934253056
2012-05-31,18470.77,18657.9,18378.14,18629.52,4197773056
2012-06-01,18498.91,18726.44,18487.66,18558.34,1859948800
2012-06-04,18249.61,18249.61,18056.4,18185.59,1642079744
2012-06-05,18373.22,18412.02,18223.13,18259.03,1373497344
2012-06-06,18349.68,18521.57,18320.61,18520.53,1637171840
2012-06-07,18825.5,18845.57,18624.43,18678.29,1549611008
2012-06-08,18797.94,18797.94,18461.18,18502.34,2547084288
2012-06-11,18978.88,18978.88,18847.67,18953.63,1527709568
2012-06-12,18719.89,18925.79,18708.26,18872.56,1336823040
2012-06-13,18948.45,19029.55,18812.94,19026.52,1417480448
2012-06-14,18901.71,18937.54,18795.65,18808.4,1313826304
2012-06-15,18924.09,19254.56,18919.17,19233.94,2717020672
2012-06-18,19578.13,19578.13,19398.44,19427.81,1581595136
2012-06-19,19451.2,19472.05,19320.18,19416.67,1205020288
2012-06-20,19551.89,19578.82,19469.13,19518.85,1176157952
2012-06-21,19480.71,19495.54,19258.11,19265.07,1298230784
2012-06-22,18992.9,19089.45,18976.05,18995.13,1080368512
2012-06-25,19019.03,19066.75,18861.56,18901.6,1133257088
2012-06-26,18850.47,18998.47,18850.47,18981.84,1324221184
2012-06-27,18990.17,19213.92,18942,19182.5,1425576448
2012-06-28,19305.74,19305.74,19009.26,19025.27,1466323712
2012-06-29,18996.57,19510.77,18991.1,19441.46,2039720832
2012-07-03,19765.41,19765.41,19622.37,19735.53,1532735744
2012-07-04,19833.84,19835.13,19677.45,19709.75,1402211968
2012-07-05,19757.42,19869.11,19588.63,19809.13,1268796160
2012-07-06,19752.83,19839.12,19690.64,19800.64,1763031552
2012-07-09,19634.84,19737.92,19421.75,19428.09,1440446976
2012-07-10,19504.42,19515.89,19347.23,19396.36,1179214208
2012-07-11,19264.58,19439.41,19233.76,19419.87,1642334080
2012-07-12,19356.79,19356.79,18998.3,19025.11,2017688320
2012-07-13,19069.36,19160.49,19032.59,19092.63,1267621760
2012-07-16,19265.34,19265.34,19061.67,19121.34,1095972864
2012-07-17,19156.96,19479.28,19156.96,19455.33,1396005632
2012-07-18,19452.24,19452.24,19156.65,19239.88,1169099136
2012-07-19,19393.45,19596.44,19393.45,19559.05,1693489664
2012-07-20,19613.78,19656.11,19511.9,19640.8,1298960768
2012-07-23,19259.36,19259.36,18986.2,19053.47,1256215808
2012-07-24,19078.14,19124.96,18854.32,18903.2,929872640
2012-07-25,18762.2,18925.66,18710.59,18877.33,1332514432
2012-07-26,18870.33,18961.58,18793.15,18892.79,1112498944
2012-07-27,19165.03,19330.69,19162.53,19274.96,1570697856
2012-07-30,19505.03,19593.62,19478.7,19585.4,1452095232
2012-07-31,19661.41,19840.16,19618.57,19796.81,1856288384
2012-08-01,19646.96,19898.92,19646.96,19820.38,1798568832
2012-08-02,19784.15,19786.71,19651.76,19690.2,1229663616
2012-08-03,19553.79,19673.7,19454.33,19666.18,1153392512
2012-08-06,20052.5,20091.3,19978.65,19998.72,1437034880
2012-08-07,20033.87,20117.12,19983.76,20072.55,1411302784
2012-08-08,20188.88,20188.88,19966.12,20065.52,1239183616
2012-08-09,20149.2,20300.03,20149.2,20269.47,1302333440
2012-08-10,20204.71,20222.13,20045.3,20136.12,1439089792
2012-08-13,20188.48,20188.48,20041.46,20079.13,990601472
2012-08-14,20251.42,20299.72,20094.02,20291.68,1525964928
2012-08-15,20125.29,20135,20016.03,20052.29,1271710464
2012-08-16,20151.69,20151.69,19919.56,19962.95,1058187008
2012-08-17,20057.31,20147.39,20049.25,20116.07,1209409664
2012-08-20,20080.32,20109.56,19911.49,20104.27,1020566208
2012-08-21,20111.97,20141.16,19979.58,20100.09,1049001344
2012-08-22,19996.73,19996.73,19853.42,19887.78,1032597248
2012-08-23,19935.13,20133.41,19935.13,20132.24,1231818624
2012-08-24,19930.45,19930.45,19840.19,19880.03,1124259584
2012-08-27,19939.54,19939.54,19769.43,19798.67,1211797888
2012-08-28,19723.3,19856.32,19723.3,19811.8,1077330176
2012-08-29,19857.61,19863.47,19770.54,19788.51,1075024128
2012-08-30,19657.2,19657.2,19509.31,19552.91,1453043328
2012-08-31,19516.95,19554.26,19450.77,19482.57,1346966656
2012-09-03,19414.62,19608.55,19386.04,19559.21,1166337664
2012-09-04,19540.93,19572.31,19414.51,19429.91,1146614912
2012-09-05,19330.16,19330.16,19116.84,19145.07,1773167616
2012-09-06,19101.93,19216.08,19076.79,19209.3,1360569216
2012-09-07,19537.93,19829.02,19484.24,19802.16,3303572224
2012-09-10,19876.41,19930.37,19764.69,19827.17,3198134784
2012-09-11,19757.37,19907.3,19658.71,19857.88,1623644544
2012-09-12,19996.14,20118.19,19996.14,20075.39,1365032960
2012-09-13,20061.97,20146.77,20009.5,20047.63,1237079040
2012-09-14,20479.38,20648.1,20475.74,20629.78,2554583040
2012-09-17,20758.49,20758.49,20591.44,20658.11,1548748928
2012-09-18,20622.12,20712.69,20568.12,20601.93,1445956352
2012-09-19,20609.52,20895.61,20609.52,20841.91,1938983424
2012-09-20,20816.77,20816.77,20578.56,20590.92,1501413632
2012-09-21,20697.27,20808.04,20677.14,20734.94,1842999936
2012-09-24,20611.1,20780.14,20503.24,20694.7,977714240
2012-09-25,20694.33,20758.36,20648.59,20698.68,1066825344
2012-09-26,20485.99,20576.84,20485.08,20527.73,1112532096
2012-09-27,20487.36,20850.49,20487.36,20762.29,1740972160
2012-09-28,20757.97,20889.9,20725.52,20840.38,1403623296
2012-10-03,20951.38,21005.68,20799.82,20888.28,1378884992
2012-10-04,20914.32,20947.3,20835.06,20907.95,1025617088
2012-10-05,21007.6,21021.24,20924.73,21012.38,1290461952
2012-10-08,20979.53,20980.38,20810.69,20824.56,1350069760
2012-10-09,20926.83,21093.1,20926.83,20937.28,1542861952
2012-10-10,20785.06,20941.89,20767.36,20919.6,1236864768
2012-10-11,20813.05,21013.45,20813.05,20999.05,2550414848
2012-10-12,21051.09,21236.57,21051.09,21136.43,2318876160
2012-10-15,21137.61,21184.43,21076.95,21148.25,1352365696
2012-10-16,21257.09,21257.09,21120.17,21207.07,1498826112
2012-10-17,21421.87,21442.73,21352.88,21416.64,1714967680
2012-10-18,21490.86,21606.32,21476.3,21518.71,2154856448
2012-10-19,21565.75,21591.62,21522.91,21551.76,1639351424
2012-10-22,21440.01,21699.07,21432.91,21697.55,1466782720
2012-10-24,21561.59,21802.49,21533.24,21763.78,1711748864
2012-10-25,21792.67,21839.64,21710.84,21810.23,1633405568
2012-10-26,21847.7,21847.7,21527.54,21545.57,1655334656
2012-10-29,21478.12,21561.97,21397.09,21511.05,1430951680
2012-10-30,21549.17,21575.03,21338.65,21428.58,1426440704
2012-10-31,21539.49,21648.64,21496.92,21641.82,1546082816
2012-11-01,21573.93,21832.56,21506.05,21821.87,1671155328
2012-11-02,22066.29,22149.7,22019.65,22111.33,1853113600
2012-11-05,22044.21,22141.13,21990.68,22006.4,1165502592
2012-11-06,21959.99,22008.86,21832.28,21944.43,1317598208
2012-11-07,22020.4,22099.85,21811.19,22099.85,1555286144
2012-11-08,21785.83,21871.85,21555.75,21566.91,1668424192
2012-11-09,21433.6,21525.49,21330.34,21384.38,1455863424
2012-11-12,21367.57,21462.45,21339.19,21430.3,922157120
2012-11-13,21372.87,21399.61,21181.92,21188.65,1349937152
2012-11-14,21250.97,21446.36,21221.31,21441.99,1302165888
2012-11-15,21188.94,21288.48,21098.41,21108.93,1408099456
2012-11-16,21203.82,21203.82,21108.35,21159.01,1146325248
2012-11-19,21209.95,21303.1,21136.32,21262.06,1100673152
2012-11-20,21478,21478,21214.94,21228.28,1169937536
2012-11-21,21367.55,21530.44,21229.14,21524.36,1358588160
2012-11-22,21595.59,21774.4,21517.91,21743.2,1449478528
2012-11-23,21729.72,21924.06,21723.35,21913.98,1337229952
2012-11-26,21986.36,21986.36,21827.27,21861.81,1074310912
2012-11-27,21969.71,22002.86,21820.15,21844.03,1205019264
2012-11-28,21764.91,21764.91,21629.58,21708.98,1272896768
2012-11-29,21821.05,21996.4,21786.03,21922.89,1272038400
2012-11-30,21949.4,22091.61,21918.55,22030.39,1829162240
2012-12-03,22070.44,22162.47,21716.77,21767.85,1222931456
2012-12-04,21786.07,21853.15,21687.88,21799.97,1236799232
2012-12-05,21819.01,22274.04,21804.93,22270.91,2465521920
2012-12-06,22355.89,22355.89,22215.08,22249.81,1474980864
2012-12-07,22294.73,22371.4,22188.07,22191.17,1830833152
2012-12-10,22377.56,22377.56,22235.76,22276.72,1388628096
2012-12-11,22295.99,22393.2,22244.02,22323.94,1585416320
2012-12-12,22412.9,22508.01,22412.9,22503.35,1856501376
2012-12-13,22500.99,22563.14,22380.78,22445.58,1475964032
2012-12-14,22396.72,22636.43,22396.72,22605.98,1771220352
2012-12-17,22590.76,22625.41,22453.59,22513.61,1451263616
2012-12-18,22525.46,22588.48,22449.74,22494.73,3217316096
2012-12-19,22654.65,22683.72,22562.02,22623.37,1577167744
2012-12-20,22602.99,22661.74,22483.95,22659.78,1620967680
2012-12-21,22565.09,22565.09,22423.16,22506.29,1805720576
2012-12-24,22494.71,22577.56,22494.71,22541.18,560264896
2012-12-27,22705.46,22718.83,22608.6,22619.78,1053372672
2012-12-28,22706.33,22706.33,22628.46,22666.59,1043816256
2012-12-31,22584.44,22698.33,22566.89,22656.92,685412992
2013-01-02,22860.25,23312.63,22860.25,23311.98,2129252992
2013-01-03,23390.54,23400.74,23234.43,23398.6,2211207168
2013-01-04,23370.36,23370.36,23172.28,23331.09,1505752832
2013-01-07,23345.2,23402.45,23254.23,23329.75,1401515136
2013-01-08,23264.03,23264.03,23088.4,23111.19,1461679104
2013-01-09,23154.71,23235.39,23141.67,23218.47,1518554880
2013-01-10,23240.07,23477.89,23165.64,23354.31,1911808512
2013-01-11,23478.81,23486.6,23212.9,23264.07,1526867456
2013-01-14,23326.82,23441.94,23292.07,23413.26,1559383680
2013-01-15,23388.47,23515.86,23306.17,23381.51,1450147712
2013-01-16,23390.19,23390.19,23203.24,23356.99,1370170368
2013-01-17,23471.67,23504.73,23222.96,23339.76,1316299008
2013-01-18,23509.49,23606.5,23450.77,23601.78,1934485120
2013-01-21,23565.96,23639.63,23535.47,23590.91,1104208000
2013-01-22,23596.38,23685.55,23498.96,23658.99,1361101440
2013-01-23,23700.45,23710.87,23540.42,23635.1,1536963328
2013-01-24,23585.1,23688.79,23547.79,23598.9,1428556288
2013-01-25,23653.54,23666.39,23481.37,23580.43,1620959104
2013-01-28,23621.95,23736.02,23621.95,23671.88,1443566976
2013-01-29,23659.11,23707.11,23602.85,23655.17,3153976064
2013-01-30,23767.33,23916.16,23765.57,23822.06,1961876096
2013-01-31,23799.17,23799.17,23667.94,23729.53,1829300608
2013-02-01,23763.34,23763.34,23571.3,23721.84,1629063552
2013-02-04,23866.8,23944.74,23637.18,23685.01,2739062528
2013-02-05,23406.99,23406.99,23104.27,23148.53,2488035840
2013-02-06,23292.43,23355.37,23204.05,23256.93,1654525056
2013-02-07,23259.82,23298.13,23134.78,23177,2020632448
2013-02-08,23101.09,23267.2,23101.09,23215.16,1825561472
2013-02-14,23460.31,23469.26,23300.6,23413.25,1528919424
2013-02-15,23315.41,23446.77,23284.05,23444.56,1055545216
2013-02-18,23477.49,23477.49,23309.55,23381.94,1033227840
2013-02-19,23368.22,23454.19,23139.08,23143.91,1434540928
2013-02-20,23310.93,23310.93,23163.86,23307.41,1562429824
2013-02-21,23026.18,23026.18,22828.17,22906.67,2061812608
2013-02-22,22840.32,22850.25,22674.59,22782.44,1623906816
2013-02-25,22852.89,22876.03,22777.63,22820.08,1074747136
2013-02-26,22639.97,22769.07,22510.76,22519.69,1520934528
2013-02-27,22656.4,22656.4,22445.34,22577.01,1682329728
2013-02-28,22826.42,23031.69,22734.84,23020.27,2105669376
2013-03-01,22957.09,23015.68,22868.69,22880.22,2069275136
2013-03-04,22866.51,22866.51,22466.08,22537.81,2172137472
2013-03-05,22621.6,22661.49,22523.69,22560.5,1843253376
2013-03-06,22750.58,22808.81,22664.94,22777.84,1755859456
2013-03-07,22729.29,22843.73,22656.37,22771.44,1282193152
2013-03-08,22839.27,23220.52,22839.27,23091.95,1852113408
2013-03-11,23131.44,23246.29,23064.93,23090.82,1292207232
2013-03-12,23133,23262.02,22879.18,22890.6,1564247424
2013-03-13,22901.12,22901.12,22487.33,22556.65,1821517568
2013-03-14,22484.25,22655.88,22305.54,22619.18,1927863040
2013-03-15,22705.92,22799.67,22494.04,22533.11,2906999552
2013-03-18,22185.32,22185.32,21997.72,22083.36,2245928448
2013-03-19,22138.1,22218.85,22030.66,22041.86,1655008768
2013-03-20,21990.04,22302.5,21975.9,22256.44,1771353984
2013-03-21,22285.81,22403.79,22179.5,22225.88,1622168832
2013-03-22,22186.24,22232.07,22033.18,22115.3,1515505152
2013-03-25,22327.53,22351.08,22201.06,22251.15,1543646976
2013-03-26,22208.06,22346.27,22088.56,22311.08,1730123904
2013-03-27,22385.47,22529.37,22366.02,22464.82,1674301568
2013-03-28,22390.35,22390.35,22132.33,22299.63,2203094528
2013-04-02,22203.93,22449.46,22203.93,22367.82,1524778368
2013-04-03,22527.12,22527.12,22283.16,22337.49,1238359424
2013-04-05,22230.93,22230.93,21703.28,21726.9,2324356864
2013-04-08,21733.78,21772.23,21612.05,21718.05,1362666112
2013-04-09,21800.24,21979.08,21800.24,21870.34,1350849792
2013-04-10,21963.37,22038.89,21858.81,22034.56,1484676608
2013-04-11,22198.49,22251.62,22058.3,22101.27,1423110528
2013-04-12,22185.36,22185.36,22049.58,22089.05,1304977792
2013-04-15,21998.74,21998.74,21735.31,21772.67,1514316672
2013-04-16,21571.58,21813.55,21475.33,21672.03,1641271808
2013-04-17,21794.69,21798.57,21550.72,21569.67,1913726336
2013-04-18,21440.33,21618.07,21423.25,21512.52,1413713280
2013-04-19,21517.94,22016.97,21496.29,22013.57,1998233216
2013-04-22,22038.13,22131.65,21959.2,22044.37,1290323968
2013-04-23,22085.7,22085.7,21747.47,21806.61,1798621952
2013-04-24,22067.04,22195.93,21962.9,22183.05,1757855616
2013-04-25,22298.64,22486.45,22214.65,22401.24,1835601024
2013-04-26,22559.97,22690.33,22528.95,22547.71,1826670336
2013-04-29,22567.63,22647.59,22488.65,22580.77,1351365760
2013-04-30,22769.59,22862.69,22669.54,22737.01,1599208704
2013-05-02,22692.33,22706.07,22552.31,22668.3,1434954240
2013-05-03,22811.84,22886.17,22678.67,22689.96,1280291968
2013-05-06,22967.78,22979.05,22864.91,22915.09,1327646208
2013-05-07,22924.29,23051.44,22855.58,23047.09,1422320384
2013-05-08,23215.95,23270,23158.59,23244.35,1760443136
2013-05-09,23353.68,23353.68,23127.35,23211.48,1413765888
2013-05-10,23213.59,23326.53,23145.48,23321.22,1413419264
2013-05-13,23245.58,23245.58,22958.87,22989.81,1488626816
2013-05-14,23124.24,23142.66,22878.64,22930.28,1382633472
2013-05-15,23074.26,23162.81,23002.32,23044.24,1505988736
2013-05-16,23110.19,23163,22955.9,23082.68,1320853120
2013-05-20,23348.74,23511.12,23348.74,23493.03,1583330048
2013-05-21,23425.69,23444.82,23338.59,23366.37,3484208640
2013-05-22,23373.21,23422.02,23182.13,23261.08,1471641856
2013-05-23,23066.71,23123.21,22609.07,22669.68,2505754880
2013-05-24,22679.36,22779.06,22470.53,22618.67,1412875776
2013-05-27,22571.63,22728.7,22544.89,22686.05,993591168
2013-05-28,22710.2,22941.47,22639.54,22924.25,1147409408
2013-05-29,22826.85,22861.6,22532.57,22554.93,1539993856
2013-05-30,22562.51,22630.64,22290.72,22484.31,1748735744
2013-05-31,22582.55,22582.55,22349.13,22392.16,2493209856
2013-06-03,22301.68,22564,22250.17,22282.19,1550268416
2013-06-04,22320.5,22329.03,22178.64,22285.52,1422129792
2013-06-05,22141.67,22173.48,21933.92,22069.24,1516765824
2013-06-06,21908.45,21949.68,21799.96,21838.43,1711966592
2013-06-07,21768.24,21820.43,21506.33,21575.26,1834956288
2013-06-10,21592.9,21720.43,21500.11,21615.09,1464580864
2013-06-11,21542.3,21631.18,21307.99,21354.66,2121919232
2013-06-13,21069.26,21069.26,20652.75,20887.04,3299557376
2013-06-14,21083.41,21164.68,20954.66,20969.14,2394670336
2013-06-17,21007.28,21272.75,21007.28,21225.9,1879428864
2013-06-18,21102.6,21240.01,20995.39,21225.88,1611375872
2013-06-19,21188.4,21232.51,20898.8,20986.89,1892108032
2013-06-20,20668.8,20699.71,20377.64,20382.87,2632968704
2013-06-21,19969.98,20383.45,19969.98,20263.31,4084033024
2013-06-24,20023.44,20098.23,19756.61,19813.98,2588417536
2013-06-25,19775.98,19990.8,19428.45,19855.72,3385293312
2013-06-26,20090.76,20354.18,19913.98,20338.55,3018082560
2013-06-27,20456.47,20713.34,20380.98,20440.08,2430525952
2013-06-28,20596.63,20818.35,20491.45,20803.29,2309679616
2013-07-02,21004.56,21004.56,20633.16,20658.65,2509168128
2013-07-03,20568.56,20585.81,20119.56,20147.31,2353610240
2013-07-04,20334.94,20532.14,20318.02,20468.67,1382334208
2013-07-05,20740.7,20865.28,20729.88,20854.67,1453364096
2013-07-08,20598.21,20694.51,20244.07,20582.19,1723942144
2013-07-09,20610.56,20767.58,20572.06,20683.01,1244457472
2013-07-10,20841.73,21043.37,20634.27,20904.56,1625897600
2013-07-11,21177.63,21501.3,21177.63,21437.49,2434318336
2013-07-12,21522.15,21522.15,21243.61,21277.28,1637335680
2013-07-15,21278.62,21389.68,21205.6,21303.31,1151451392
2013-07-16,21333.07,21393.55,21209.6,21312.38,1054044672
2013-07-17,21368.77,21460.96,21253.59,21371.87,1106668800
2013-07-18,21426.9,21444.69,21288.58,21345.22,1223663232
2013-07-19,21451.6,21451.6,21216.03,21362.42,1275705856
2013-07-22,21498.96,21498.96,21283.83,21416.5,1090755584
2013-07-23,21517.2,21964.03,21517.2,21915.42,2565763072
2013-07-24,21912.9,21983.54,21799.96,21968.93,1342354304
2013-07-25,21872.14,21946.92,21843.13,21900.96,1157664768
2013-07-26,22014.99,22033.49,21882.1,21968.95,1207336576
2013-07-29,21896.12,21952.28,21750.45,21850.15,1205803392
2013-07-30,21870.14,22033.21,21839.76,21953.96,1212580736
2013-07-31,21888.8,22069.8,21853.44,21883.66,1350422144
2013-08-01,22025.75,22152.06,21983.15,22088.79,929367232
2013-08-02,22264.77,22291.41,22136.78,22190.97,1013477056
2013-08-05,22273.82,22273.82,22194.05,22222.01,760365376
2013-08-06,22000.94,22012.51,21808.59,21923.7,1139704704
2013-08-07,21756.47,21901.46,21571.15,21588.84,1340956800
2013-08-08,21697.87,21785.69,21629.5,21655.88,862913472
2013-08-09,21760.05,21811.24,21674.97,21807.56,1017862912
2013-08-12,21796.46,22283.05,21735.38,22271.28,1989388800
2013-08-13,22368.47,22562.93,22311.2,22541.13,2322635008
2013-08-15,22568.05,22695.93,22474.01,22539.25,2216759040
2013-08-16,22450.83,22663.75,22312.98,22517.81,2014135680
2013-08-19,22432.87,22551.2,22387.71,22463.7,1090294528
2013-08-20,22396.29,22481.74,21907.21,21970.29,1804736384
2013-08-21,21964.69,21970.25,21618.62,21817.73,1614257536
2013-08-22,21538.19,21944.47,21538.19,21895.4,1601105408
2013-08-23,22006.41,22103.25,21772.15,21863.51,1560858496
2013-08-26,21943.4,22115.49,21898.15,22005.32,1219709952
2013-08-27,21907.43,21987.51,21770.75,21874.77,1165041152
2013-08-28,21584.56,21653.3,21465.72,21524.65,2232695040
2013-08-29,21612.95,21717.84,21554.25,21704.78,1539354880
2013-08-30,21618.34,21753.17,21551.56,21731.37,1581308032
2013-09-02,21948.72,22237.83,21948.72,22175.34,1813177088
2013-09-03,22323,22453.82,22290.83,22394.58,1948185600
2013-09-04,22171.93,22438.11,22144.21,22326.22,3996450560
2013-09-05,22538.96,22678.66,22486.63,22597.97,2145320448
2013-09-06,22615.98,22697.64,22578.58,22621.22,1960758528
2013-09-09,22770.25,22853.02,22682.98,22750.65,1922622336
2013-09-10,22932.6,22987.71,22843.18,22976.65,2241118720
2013-09-11,23095.86,23120.46,22848.53,22937.14,2000939904
2013-09-12,22952.85,23048.22,22909.58,22953.72,1626682880
2013-09-13,22920.76,22956.15,22791.48,22915.28,1579265024
2013-09-16,23210.36,23268.15,23174.18,23252.41,1448448640
2013-09-17,23246.91,23246.91,23129.54,23180.52,1388461696
2013-09-18,23213.79,23214.46,23081.61,23117.45,1278223232
2013-09-19,23549.89,23554.34,23469.77,23502.51,2179785472
2013-09-23,23414.98,23464.8,23291.23,23371.54,1514566784
2013-09-24,23324.38,23324.38,23102.25,23179.04,1558382080
2013-09-25,23192.71,23281.61,23155.05,23216.26,1340232832
2013-09-26,23192.7,23224.36,23043.89,23125.03,1574961152
2013-09-27,23199.09,23337.54,23118.84,23207.04,1487481856
2013-09-30,22946.74,22986.95,22846.73,22859.86,1573033216
2013-10-02,22997.21,23138.53,22933.31,22984.48,1444728448
2013-10-03,23167.2,23240.63,23128.11,23214.4,1217000704
2013-10-04,23051.55,23151.66,22983.7,23138.54,1158821760
2013-10-07,23152.92,23152.92,22896.65,22971.32,1209772928
2013-10-08,22988.22,23228.69,22928.53,23178.85,1337047296
2013-10-09,23002.08,23065.17,22965.91,23033.97,1079534848
2013-10-10,23077.47,23084.1,22743.47,22951.3,1350438016
2013-10-11,23077.47,23330.82,22951.3,23218.32,1360355968
2013-10-15,23399.79,23409.38,23280.74,23336.52,1244268416
2013-10-16,23336.52,23350.94,23128.69,23227.24,1041169856
2013-10-17,23351.48,23357.16,23094.88,23094.88,1237910784
2013-10-18,23261.65,23362.77,23218.18,23340.1,1314426880
2013-10-21,23494.37,23534.67,23356.89,23438.15,1160840832
2013-10-22,23309.01,23385.25,23266.3,23315.99,1070908544
2013-10-23,23455.4,23505.25,22998.47,22999.95,1723799424
2013-10-24,22975.55,22975.55,22762.19,22835.82,1863163904
2013-10-25,22835.82,22839.15,22640.18,22698.34,1852391168
2013-10-28,22758.37,22849.3,22698.34,22806.58,1103232896
2013-10-29,22842.33,22979.35,22760.9,22846.54,1428098176
2013-10-30,22966.95,23316.12,22935.6,23304.02,1716763904
2013-10-31,23134.39,23250.66,23108.27,23206.37,1792714752
2013-11-01,23208.8,23334.17,23149.96,23249.79,1244395904
2013-11-04,23322.07,23345.53,23165.06,23189.62,1033387776
2013-11-05,23313.61,23313.61,22949.42,23038.95,1194252928
2013-11-06,23042.11,23119.04,22954.7,23036.94,1299946368
2013-11-07,23023.73,23023.73,22819.65,22881.03,1084952192
2013-11-08,22713,22813.49,22687.36,22744.39,1167358976
2013-11-11,22781.99,23124.3,22688.41,23069.85,1338414976
2013-11-12,23051.76,23084.88,22857.26,22901.41,1114214784
2013-11-13,22665.91,22665.91,22463.83,22463.83,2049895424
2013-11-14,22673.32,22691.67,22529.33,22649.15,1252607360
2013-11-15,22749.6,23050.35,22749.6,23032.15,2032598784
2013-11-18,23397.73,23705.34,23391.12,23660.06,3971447808
2013-11-19,23834.52,23853.89,23620.65,23657.81,2973659136
2013-11-20,23774.31,23843.8,23690.81,23700.86,1932689920
2013-11-21,23661.42,23661.42,23508.79,23580.29,1620640512
2013-11-22,23752.28,23764.41,23642.98,23696.28,1689620736
2013-11-25,23829.97,23829.97,23674.9,23684.45,1513617408
2013-11-26,23675.37,23751.86,23659.98,23681.28,1505522048
2013-11-27,23653.95,23856.92,23650.23,23806.35,1588937216
2013-11-28,23934.94,24013.6,23736.08,23789.09,1333799424
2013-11-29,23862.38,23903.11,23809.71,23881.29,880337280
2013-12-02,23936.15,24111.55,23844.24,24038.55,1386380416
2013-12-03,23887.77,23975.76,23833.25,23910.47,1337937536
2013-12-04,23719.6,23846.84,23603.02,23728.7,1523707904
2013-12-05,23634.09,23728.27,23566.55,23712.57,1204080256
2013-12-06,23620.31,23812.53,23615.08,23743.1,1705820544
2013-12-09,23970,23970,23775.01,23811.17,1294590720
2013-12-10,23799.45,23810.94,23707.76,23744.19,1030689856
2013-12-11,23686.8,23693.51,23295.14,23338.24,1903525760
2013-12-12,23265.13,23327.44,23160.9,23218.12,1713492736
2013-12-13,23080.19,23331.53,23017.34,23245.96,1522556032
2013-12-16,23138.28,23204.63,22999.76,23114.66,1333076096
2013-12-17,23281.38,23281.38,23040.6,23069.23,1411284480
2013-12-18,23076.54,23240.71,22993.54,23143.82,1295395072
2013-12-19,23404.45,23404.45,22753.3,22888.75,1958324992
2013-12-20,22904.18,22936.92,22714.38,22812.18,2123556864
2013-12-23,22946.55,23005.92,22863.86,22921.56,1094500224
2013-12-24,23045.64,23194.63,23027.89,23179.55,801468992
2013-12-27,23138.91,23283.31,23131.64,23243.24,850151232
2013-12-30,23353.54,23369.37,23178.28,23244.87,1000190784
2013-12-31,23328.44,23360.75,23271.8,23306.39,674177152
2014-01-02,23452.76,23468.63,23173.93,23340.05,1042215360
2014-01-03,23097.98,23097.98,22785.55,22817.28,1994801152
2014-01-06,22732.83,22757.45,22567.77,22684.15,1650597120
2014-01-07,22689.25,22802.85,22644.58,22712.78,1733385856
2014-01-08,22834.81,23029.57,22778.83,22996.59,2201299968
2014-01-09,22925.23,23044.97,22709.03,22787.33,1710496000
2014-01-10,22735.93,22930.62,22732.31,22846.25,1495207936
2014-01-13,23046.41,23061.25,22765.79,22888.76,1247407744
2014-01-14,22637.55,22883,22637.55,22791.28,1165354624
2014-01-15,22985.78,23007.04,22791.28,22902,1116090624
2014-01-16,23085.14,23085.14,22936.74,22986.41,1373020288
2014-01-17,22898.48,23263.42,22852.9,23133.35,1725929856
2014-01-20,23048.13,23089.24,22884.62,22928.95,1588586240
2014-01-21,23040.84,23139.65,22986.47,23033.12,1767000832
2014-01-22,22954.77,23119.61,22913.66,23082.25,1768083840
2014-01-23,23082.01,23093.85,22722.58,22733.9,1933806592
2014-01-24,22522.44,22659.57,22435.72,22450.06,2004069120
2014-01-27,22019.1,22043.55,21881.35,21976.1,2355489792
2014-01-28,22012.51,22022.14,21892.2,21960.64,1832642432
2014-01-29,22111.63,22222.7,22109.93,22141.61,1878771200
2014-01-30,21827.33,22048.72,21748.11,22035.42,1537677952
2014-02-04,21561.7,21609.59,21388.61,21397.77,2480444928
2014-02-05,21560.34,21560.34,21197.78,21269.38,1939803136
2014-02-06,21320.91,21440.4,21277.01,21423.13,1589901568
2014-02-07,21498.09,21703.54,21488.32,21636.85,1698091136
2014-02-10,21646.75,21687.84,21524.81,21579.26,1718083328
2014-02-11,21623.79,22025.58,21623.79,21962.98,2004765952
2014-02-12,22057.7,22308.25,22010.56,22285.79,1964148864
2014-02-13,22297.7,22297.7,22098.2,22165.53,1431843968
2014-02-14,22382.72,22412.36,22243.77,22298.41,1142733056
2014-02-17,22463.4,22583.26,22463.4,22535.94,1043804928
2014-02-18,22535.2,22592.36,22437.38,22587.72,961509952
2014-02-19,22600.6,22708.4,22535.35,22664.52,1145877376
2014-02-20,22595.91,22742.72,22297.85,22394.08,2691551744
2014-02-21,22617.63,22633.29,22442.39,22568.24,1678803712
2014-02-24,22576.35,22576.35,22260.13,22388.56,1709106176
2014-02-25,22498.42,22518.84,22261.92,22317.2,1538384256
2014-02-26,22297.62,22502.92,22258.89,22437.44,1750025344
2014-02-27,22465.96,22866.23,22432.48,22828.18,1957977472
2014-02-28,22942.96,22986.52,22711.55,22836.96,1897300608
2014-03-03,22630.77,22749.13,22489.17,22500.67,1634145280
2014-03-04,22542.17,22783.98,22534.1,22657.63,1344318464
2014-03-05,22839.43,22839.43,22529.83,22579.78,1620064512
2014-03-06,22588.77,22764.38,22588.76,22702.97,1524509056
2014-03-07,22728.53,22820.41,22604.02,22660.49,1481457408
2014-03-10,22339.42,22388.46,22206.8,22264.93,1563202688
2014-03-11,22234.61,22351.99,22198.07,22269.61,1365653760
2014-03-12,22019.03,22019.03,21873.2,21901.95,1890043520
2014-03-13,21920.94,22041.33,21743.34,21756.08,1579460864
2014-03-14,21612.07,21630.7,21462.49,21539.49,1697613824
2014-03-17,21494.37,21535.7,21423.03,21473.95,1027124160
2014-03-18,21549.22,21606.74,21469.21,21583.5,1478690944
2014-03-19,21585.12,21612.96,21485.56,21568.69,1253992064
2014-03-20,21352.49,21475.48,21137.61,21182.16,1855189632
2014-03-21,21239.09,21470.31,21172.15,21436.7,2761821696
2014-03-24,21657.55,21866.97,21590.07,21846.45,2460675328
2014-03-25,21773.64,21858.11,21704.73,21732.32,1439740032
2014-03-26,21889.76,22006.64,21865.33,21887.75,1917734016
2014-03-27,21897.07,21926.83,21715.63,21834.45,2222326272
2014-03-28,21930.4,22143.24,21930.4,22065.53,2147315968
2014-03-31,22244.16,22244.16,22044.45,22151.06,1919012480
2014-04-01,22292.32,22453.24,22250.66,22448.54,1598522752
2014-04-02,22598.4,22598.4,22437.14,22523.94,1594179968
2014-04-03,22666.06,22722.24,22531.24,22565.08,1385870848
2014-04-04,22476.25,22595.71,22455.96,22510.08,1497612672
2014-04-07,22416.47,22482.07,22328.02,22377.15,1364755200
2014-04-08,22390.14,22625.21,22329.99,22596.97,2242588160
2014-04-09,22725.43,22933.33,22725.43,22843.17,2255720960
2014-04-10,22949.79,23221.4,22734.77,23186.96,2705303552
2014-04-11,23150.8,23194.15,22946.21,23003.64,2212812800
2014-04-14,22911.82,23090.19,22911.82,23038.8,1332385792
2014-04-15,23054.35,23054.35,22662.67,22671.26,1507438464
2014-04-16,22686.21,22866.56,22627.51,22696.01,1209932544
2014-04-17,22858.79,22858.79,22657.95,22760.24,1043678848
2014-04-22,22718.69,22808.3,22644.43,22730.68,1177816064
2014-04-23,22855.26,22855.26,22495.59,22509.64,1466034432
2014-04-24,22527.38,22575.5,22461.1,22562.8,1245512192
2014-04-25,22524.56,22548.52,22214.61,22223.53,1501582208
2014-04-28,22122.38,22200.83,22096.95,22132.53,1204384512
2014-04-29,22172.08,22473.32,22099.2,22453.89,1647330176
2014-04-30,22466.04,22466.04,22098.41,22133.97,1813869312
2014-05-02,22194.66,22311.46,22151.08,22260.67,1150668288
2014-05-05,22195.8,22284.49,21873.87,21976.33,1052997696
2014-05-07,21904.52,21923.15,21680.33,21746.26,1551840256
2014-05-08,21804.65,21929.43,21738.15,21837.12,1397794560
2014-05-09,21819.94,21922.61,21705.12,21862.99,1114417536
2014-05-12,21921.59,22399.64,21796.9,22261.61,1621110016
2014-05-13,22436.24,22436.24,22286.46,22352.38,1139100544
2014-05-14,22484.49,22664.37,22366.07,22582.77,1927324672
2014-05-15,22726.59,22791.79,22610.39,22730.86,1222020864
2014-05-16,22645.52,22718.07,22555.59,22712.91,1166377984
2014-05-19,22751.24,22751.24,22555.97,22704.5,991514624
2014-05-20,22758.02,22912.94,22758.02,22834.68,1381246592
2014-05-21,22715.58,22883.5,22649.89,22836.52,1501967104
2014-05-22,22942.27,23052.61,22884.52,22953.76,1846560512
2014-05-23,23010.45,23010.45,22925.7,22965.86,1334666752
2014-05-26,23055.47,23086.98,22898.78,22963.18,921743104
2014-05-27,22953.12,22984.46,22886.46,22944.3,886165504
2014-05-28,23023.82,23204.94,22951.82,23080.03,1877920640
2014-05-29,23103.31,23208.98,22968.1,23010.14,1656947072
2014-05-30,23074.79,23177.53,22993.71,23081.65,2139411968
2014-06-03,23327.51,23327.51,23134.34,23291.04,1871426560
2014-06-04,23284.17,23284.17,23110.85,23151.71,1103619712
2014-06-05,23142.66,23178.08,23052.43,23109.66,1139879424
2014-06-06,23231.32,23231.32,22950.67,22951,1793942400
2014-06-09,23086.94,23158.91,23053.38,23117.47,1175572608
2014-06-10,23206.2,23360.25,23061.25,23315.74,1732688256
2014-06-11,23281.14,23281.14,23168.22,23257.29,1312200704
2014-06-12,23127.82,23237.68,23066.94,23175.02,1262629632
2014-06-13,23099.87,23396.28,23099.87,23319.17,1564423808
2014-06-16,23299.04,23340.28,23234.89,23300.67,1215050752
2014-06-17,23237.63,23242.69,23127.02,23203.59,1361614464
2014-06-18,23128.22,23299.22,23128.22,23181.72,1296561536
2014-06-19,23264.92,23300.31,23122.75,23167.73,1421184384
2014-06-20,23199.18,23284.98,23158.23,23194.06,1341638400
2014-06-23,23165.26,23389.67,22802.1,22804.81,2005521024
2014-06-24,22915.92,22946.1,22833.2,22880.64,1448714880
2014-06-25,22935.06,22938.7,22829.29,22866.7,1082659328
2014-06-26,22947.84,23203.35,22926.04,23197.83,1292094976
2014-06-27,23188.48,23271.24,23111.81,23221.52,1193749248
2014-06-30,23273.19,23346.23,22961.04,23190.72,1476157824
2014-07-02,23326.53,23571.77,23293.82,23549.62,1936445568
2014-07-03,23553.6,23591.47,23482.9,23531.44,1073575168
2014-07-04,23609.32,23626.14,23508.27,23546.36,1116918784
2014-07-07,23581.4,23592.38,23435.27,23540.92,911913664
2014-07-08,23555.31,23555.66,23455.13,23541.38,1114064000
2014-07-09,23408.05,23408.05,23127.02,23176.07,1545839360
2014-07-10,23281.45,23281.45,23182.06,23238.99,1100506624
2014-07-11,23155.69,23307.54,23147.26,23233.45,1123092224
2014-07-14,23310.16,23459.48,23273.41,23346.67,1060963456
2014-07-15,23482.84,23496.57,23398.25,23459.96,1048140480
2014-07-16,23490.43,23562.19,23430.14,23523.28,959529728
2014-07-17,23583.35,23583.35,23421.99,23520.87,1093977984
2014-07-18,23316.46,23460.13,23243.25,23454.79,913307584
2014-07-21,23484.53,23498.03,23372.76,23387.14,1042281792
2014-07-22,23465.81,23803.17,23424.94,23782.11,1859454976
2014-07-23,23841.22,23975.74,23834.39,23971.87,1807779584
2014-07-24,24080.61,24150,24005.93,24141.5,1930509952
2014-07-25,24247.2,24247.2,24088.99,24216.01,1637301376
2014-07-28,24249.27,24500.48,24249.27,24428.63,1971910912
2014-07-29,24526.63,24666.96,24439.55,24640.53,1998388864
2014-07-30,24704.58,24912.22,24660.35,24732.21,2523812096
2014-07-31,24805.75,24891.81,24661.57,24756.85,1944104448
2014-08-01,24594.23,24729.17,24486.61,24532.43,1755872512
2014-08-04,24590.11,24690.6,24558.37,24600.08,1183329664
2014-08-05,24679.11,24679.11,24494.09,24648.26,1249531008
2014-08-06,24558.82,24587.17,24397.41,24584.13,1171858560
2014-08-07,24498.83,24501.59,24364.58,24387.56,1233420544
2014-08-08,24307.1,24493.01,24191.91,24331.41,1341692800
2014-08-11,24533.34,24671.33,24491.02,24646.02,1129853568
2014-08-12,24668.57,24691.66,24552.42,24689.41,1028234688
2014-08-13,24726.24,24907.11,24612.15,24890.34,1466903168
2014-08-14,24894.18,24964.42,24723.42,24801.36,1456861184
2014-08-15,24969.72,25010.17,24872.75,24954.94,1150210688
2014-08-18,24943.6,24978.94,24765.77,24955.46,1281516928
2014-08-19,25045.55,25201.2,24909.57,25122.95,1466514816
2014-08-20,25156.95,25188.95,25056.83,25159.76,1238094976
2014-08-21,25142.34,25142.34,24896.2,24994.1,1460054912
2014-08-22,25113.73,25132.93,25025.94,25112.23,1183283072
2014-08-25,25049.96,25243.16,24947.16,25166.91,1333447296
2014-08-26,25147.75,25184.59,25068.98,25074.5,1252881536
2014-08-27,25134.49,25160.68,24883.46,24918.75,1468393856
2014-08-28,25055.81,25055.81,24679.98,24741,1533360512
2014-08-29,24748.19,24810.98,24630.8,24742.06,1711541376
2014-09-01,24703.74,24891.27,24697.19,24752.09,1447773696
2014-09-02,24699.76,24815.74,24576.51,24749.02,1646363776
2014-09-03,24786.04,25325.16,24753.55,25317.95,2535276032
2014-09-04,25268.44,25362.98,25193.37,25297.92,1980862464
2014-09-05,25356.56,25356.56,25171.77,25240.15,2163836160
2014-09-08,25293.09,25293.09,25074.71,25190.45,1272235136
2014-09-10,24969.39,24969.39,24681.19,24705.36,1748442496
2014-09-11,24701.73,24781.36,24589.9,24662.64,1443804288
2014-09-12,24620.19,24701.43,24488.93,24595.32,1233952128
2014-09-15,24410.38,24471.6,24300.97,24356.99,1479611392
2014-09-16,24310.14,24405.98,24117.6,24136.01,1282321920
2014-09-17,24380.28,24470.26,24340.86,24376.41,1793779840
2014-09-18,24294.64,24294.64,24103.96,24168.72,1459432192
2014-09-19,24334.65,24419.85,24155.62,24306.16,1924823040
2014-09-22,24072.18,24082.62,23949.29,23955.49,1723752960
2014-09-23,23882.59,24011.81,23825.96,23837.07,1417171840
2014-09-24,23788.98,24016.41,23788.98,23921.61,1368936832
2014-09-25,24048.38,24058.02,23754.33,23768.13,1573165312
2014-09-26,23581.56,23715.56,23558.49,23678.41,1341458688
2014-09-29,23399.51,23399.51,23095.78,23229.21,2230550016
2014-09-30,23137.26,23137.26,22857.64,22932.98,2189776640
2014-10-03,22691.59,23146.87,22565.6,23064.56,2577564160
2014-10-06,23053.79,23441.1,22988.64,23315.04,1643058176
2014-10-07,23224.22,23517.85,23209.77,23422.52,1635901184
2014-10-08,23221.76,23368.36,23184.84,23263.33,1253137408
2014-10-09,23461.35,23580.95,23438.09,23534.53,1126451712
2014-10-10,23198.8,23237.4,23071.79,23088.54,1401319808
2014-10-13,22884,23272.69,22871.27,23143.38,1407205120
2014-10-14,23064.92,23408.69,23040.8,23047.97,1525857024
2014-10-15,23087.5,23238.04,22992.93,23140.05,1444933760
2014-10-16,22913.5,23033.15,22868.02,22900.94,1533465728
2014-10-17,22904.11,23148.96,22891.03,23023.21,1853603968
2014-10-20,23239.78,23290.42,23052.94,23070.26,1182134144
2014-10-21,23073.36,23231.52,22964.92,23088.58,1026480704
2014-10-22,23300.45,23460.77,23195.2,23403.97,1732875648
2014-10-23,23296,23396.61,23222.52,23333.18,1038977536
2014-10-24,23311.88,23352.49,23160.02,23302.2,1201348096
2014-10-27,23275.4,23275.4,23012.8,23143.23,1229644672
2014-10-28,23189.83,23570.92,23189.83,23520.36,1889124864
2014-10-29,23703.95,23853.8,23700.62,23819.87,2017536128
2014-10-30,23841.74,23841.74,23615.1,23702.04,1606507392
2014-10-31,23913.69,24046.4,23850.7,23998.06,2057439488
2014-11-03,24133.45,24133.45,23875.09,23915.97,1328913664
2014-11-04,23849.72,24016.42,23815.85,23845.66,1317633408
2014-11-05,23846.84,23846.84,23623.14,23695.62,1357402752
2014-11-06,23737.76,23775.73,23623.41,23649.31,1055438848
2014-11-07,23607.65,23831.25,23430.2,23550.24,1609859584
2014-11-10,24074.85,24110.24,23703.72,23744.7,1974456320
2014-11-11,23809.41,23929.4,23760.53,23808.28,3418160128
2014-11-12,23883.31,23999.97,23801.73,23938.18,1788489728
2014-11-13,23854.33,24097.92,23850.74,24019.94,2063618432
2014-11-14,24048.36,24095,23968.03,24087.38,1489760000
2014-11-17,24313.06,24313.06,23787.28,23797.08,1728117120
2014-11-18,23868.9,23881.01,23483.19,23529.17,1543728896
2014-11-19,23466.07,23571.77,23341.16,23373.31,1413766400
2014-11-20,23401,23459.64,23252.63,23349.64,1354803968
2014-11-21,23353.72,23506.88,23302.29,23437.12,1519033088
2014-11-24,23883.32,23936.34,23823.56,23893.14,2862178816
2014-11-25,23841.16,23935.07,23809.51,23843.91,2083502464
2014-11-26,23833.19,24176.64,23800.38,24111.98,2225232896
2014-11-27,24169.85,24228.11,23962.44,24004.28,1813708928
2014-11-28,23982.29,24116.56,23887.63,23987.45,3154786560
2014-12-01,23678,23731.76,23318.48,23367.45,3135486720
2014-12-02,23400.11,23783.61,23299.85,23654.3,2843136256
2014-12-03,23756.05,23921.76,23378.81,23428.62,3224755968
2014-12-04,23554.81,23841.26,23456.71,23832.56,3561982208
2014-12-05,23907.78,24169.05,23772.84,24002.64,5025800704
2014-12-08,24113.14,24189.59,24012.15,24047.67,3826529024
2014-12-09,23910.41,23932.9,23404.28,23485.83,3871778560
2014-12-10,23442.69,23656.51,23346.8,23524.52,2306279680
2014-12-11,23269.51,23382.83,23169.67,23312.54,2425752576
2014-12-12,23328.99,23445.85,23230.03,23249.2,1641040256
2014-12-15,22977.84,23067.67,22856.02,23027.85,1660208256
2014-12-16,22877.3,22944.28,22641.06,22670.5,2158881024
2014-12-17,22697.68,22724.51,22529.75,22585.84,2560931072
2014-12-18,22878.34,22934.15,22736.89,22832.21,2306262784
2014-12-19,23158.27,23187.88,23041.74,23116.63,2309125376
2014-12-22,23264.05,23477.65,23264.05,23408.57,2999590656
2014-12-23,23423.33,23493.73,23269.43,23333.69,1758917888
2014-12-24,23290.42,23421.1,23290.42,23349.34,740670208
2014-12-29,23694.53,23867.46,23694.53,23773.18,2133261184
2014-12-30,23853.13,23853.13,23442.55,23501.1,1768219776
2014-12-31,23480.81,23627.59,23467.48,23605.04,1049000576
2015-01-02,23683.63,23867.46,23635.77,23857.82,1801713152
2015-01-05,23699.19,23998.87,23655.52,23721.32,2585193216
2015-01-06,23515.13,23611,23312.5,23485.41,2617977088
2015-01-07,23396.7,23715.71,23334.76,23681.26,2181069568
2015-01-08,23920.35,23941.64,23719.05,23835.53,2011643008
2015-01-09,24049.7,24168.89,23859.49,23919.95,2334809856
2015-01-12,24118.59,24118.59,23905.01,24026.46,1414586880
2015-01-13,23908.23,24254.11,23908.23,24215.97,1393185792
2015-01-14,24276.33,24326.7,24056.22,24112.6,1508206976
2015-01-15,24169.35,24366.86,24070.93,24350.91,1754036352
2015-01-16,24196.85,24252.73,24088.3,24103.52,1716809600
2015-01-19,23971.23,24047.4,23590.08,23738.49,3036857088
2015-01-20,23798.46,23997.31,23747.92,23951.16,1632662144
2015-01-21,24036.41,24373.28,24016.63,24352.58,1900510848
2015-01-22,24480.02,24589.62,24438.98,24522.63,1731789696
2015-01-23,24807.36,24891.73,24730.36,24850.45,2449096960
2015-01-26,24907.19,24915.32,24761.55,24909.9,1362490624
2015-01-27,24995.08,24995.08,24672.76,24807.28,1705133056
2015-01-28,24799.98,24983.89,24716.68,24861.81,1403131008
2015-01-29,24645.2,24739.22,24524.18,24595.85,1921673216
2015-01-30,24771.37,24771.37,24450.05,24507.05,1483445632
2015-02-02,24347.27,24506.81,24324.37,24484.74,1624993792
2015-02-03,24542.49,24602.6,24327.51,24554.78,1552841088
2015-02-04,24750.76,24824.58,24642.5,24679.76,1836282112
2015-02-05,25048.26,25048.26,24644.73,24765.49,2416277760
2015-02-06,24843.2,24843.2,24645.76,24679.39,1440536320
2015-02-09,24529.55,24657.87,24449.48,24521,1325296128
2015-02-10,24475.04,24583.79,24422.85,24528.1,1059808384
2015-02-11,24512.62,24551.74,24266.68,24315.02,1300428288
2015-02-12,24377.59,24514.49,24226.29,24422.15,1472143616
2015-02-13,24535.66,24702.23,24523.44,24682.54,1342650624
2015-02-16,24717.49,24771.6,24687.15,24726.53,955266368
2015-02-17,24653.88,24855.75,24653.88,24784.88,822899968
2015-02-18,24836.05,24871.79,24807.31,24832.08,975873920
2015-02-23,24916.24,24916.24,24664.68,24836.76,1050800448
2015-02-24,24776.72,24808.3,24673.93,24750.07,1109610752
2015-02-25,24822.28,24869.37,24691.78,24778.28,1430569856
2015-02-26,24718.28,24998.2,24709.56,24902.06,1859233408
2015-02-27,24902.61,25101.96,24819.08,24823.29,1550735744
2015-03-02,24996.76,24997.83,24715.38,24887.44,1590818432
2015-03-03,24984.62,24984.62,24664.82,24702.78,1546318848
2015-03-04,24656.94,24705.96,24439.29,24465.38,1618240256
2015-03-05,24274.9,24393.85,24133.71,24193.04,1923405056
2015-03-06,24235.76,24294.36,24126.25,24164,1620647296
2015-03-09,23982.5,24205.86,23910.16,24123.05,1619496448
2015-03-10,24150.68,24152.4,23869.82,23896.98,1521299200
2015-03-11,23807.1,23899.86,23703.84,23717.97,1678330496
2015-03-12,23709.17,23867.08,23677.06,23797.96,1669134976
2015-03-13,23808.97,23918.71,23790.83,23823.21,1585980416
2015-03-16,23771.4,23970.05,23711.27,23949.55,1224474496
2015-03-17,24106.47,24106.47,23822.78,23901.49,1225388800
2015-03-18,23938.63,24210.75,23938.63,24120.08,1720004736
2015-03-19,24325.56,24500.23,24248.84,24468.89,1882511616
2015-03-20,24417.53,24524.55,24354.54,24375.24,2068118528
2015-03-23,24538.34,24559.77,24436.42,24494.51,1506369280
2015-03-24,24484.68,24490.15,24294.95,24399.6,1607222784
2015-03-25,24410.53,24613.69,24377.92,24528.23,1465236608
2015-03-26,24442.51,24590.72,24402.08,24497.08,1387787776
2015-03-27,24541.44,24549.88,24420.82,24486.2,1660233344
2015-03-30,24727.46,24949.16,24727.46,24855.12,2653731584
2015-03-31,25113.2,25113.2,24876.37,24900.89,2636084736
2015-04-01,24955.2,25099.06,24928.29,25082.75,1766457344
2015-04-02,25214.33,25297.8,25154.02,25275.64,2171940096
2015-04-08,25708.24,26247.63,25645.11,26236.86,4228378880
2015-04-09,26913.28,27916.63,26732.71,26944.39,5179920384
2015-04-10,27373.68,27373.68,26812.9,27272.39,3444497664
2015-04-13,27374.33,28029.38,27304.87,28016.34,4873315328
2015-04-14,27688.26,27915.01,27483.45,27561.49,3890847744
2015-04-15,27693.25,27807.15,27442.52,27618.82,4047946496
2015-04-16,27557.29,27786.67,27470.1,27739.71,3370846720
2015-04-17,27808.24,27969.41,27600.15,27653.12,3201881088
2015-04-20,27770.79,27770.79,26960.55,27094.93,3480292608
2015-04-21,27404.15,27923.83,27404.15,27850.49,2822501888
2015-04-22,27821.32,28048.46,27727.99,27933.85,2441185280
2015-04-23,28112.38,28211.67,27804.08,27827.7,2517735680
2015-04-24,27978.39,28080.49,27592.03,28060.98,2488702464
2015-04-27,28245.14,28588.52,28245.14,28433.59,2876365568
2015-04-28,28448.22,28547.46,28251.99,28442.75,3139667200
2015-04-29,28453.1,28453.1,28204.52,28400.34,2159691776
2015-04-30,28289.14,28317.87,27998.45,28133,2640486656
2015-05-04,28231.26,28342.78,28019.76,28123.82,2061576192
2015-05-05,28295.72,28316.63,27598.17,27755.54,2363587840
2015-05-06,27698.1,28054.68,27571.22,27640.91,2335575296
2015-05-07,27567.62,27604.49,27207.28,27289.97,1953353728
2015-05-08,27557.52,27652.62,27367.11,27577.34,1873829376
2015-05-11,27837.04,27837.04,27586.5,27718.2,1588622464
2015-05-12,27664.18,27693.1,27396.11,27407.18,1577320448
2015-05-13,27473.5,27524.82,27191.03,27249.28,2153421312
2015-05-14,27395.92,27395.92,27192.93,27286.55,1569291648
2015-05-15,27459.58,27928.6,27316.58,27822.28,1808389376
2015-05-18,27792.44,27792.44,27437.8,27591.25,1421434368
2015-05-19,27597.07,27765.55,27500.76,27693.54,1607686144
2015-05-20,27751.44,27751.44,27490.33,27585.05,1515848192
2015-05-21,27507.32,27611.72,27393.31,27523.72,1259287168
2015-05-22,27723.67,28041.28,27698.52,27992.83,1958107008
2015-05-26,28462.32,28522.37,28237.49,28249.86,2754695424
2015-05-27,28214.66,28214.66,27984.29,28081.21,1921228288
2015-05-28,28162.25,28162.25,27243.85,27454.31,3161524480
2015-05-29,27398.28,27604.27,27258.14,27424.19,3144521216
2015-06-01,27373.06,27766.17,27241.95,27597.16,2033954688
2015-06-02,27473.45,27602.88,27348.13,27466.72,1548454656
2015-06-03,27716.34,27763.96,27508.84,27657.47,1876965632
2015-06-04,27645.36,27854.74,27098.72,27551.89,3160955648
2015-06-05,27538.06,27645.46,27211.36,27260.16,2297819904
2015-06-08,27147.24,27428.59,27064.66,27316.28,2465629184
2015-06-09,27295.88,27320.87,26971.57,26989.52,2457851904
2015-06-10,27052.79,27114.33,26575.94,26687.64,2038529408
2015-06-11,26938.15,26989.58,26839.7,26907.85,1722248832
2015-06-12,27082.6,27356.51,26987.94,27280.54,1787791616
2015-06-15,27095.18,27125.33,26841.52,26861.81,1365682688
2015-06-16,26807.67,26890.26,26555.29,26566.7,1816419840
2015-06-17,26671.2,26880.73,26556.21,26753.79,1875674624
2015-06-18,26786.53,26873.67,26597.41,26694.66,1515415680
2015-06-19,26885.73,27011.04,26707.67,26760.53,2574823680
2015-06-22,26854.32,27166.52,26811.66,27080.85,1473376000
2015-06-23,27126.47,27406.41,27008.51,27333.46,2204232704
2015-06-24,27397.37,27470.38,27295.31,27404.97,1710378880
2015-06-25,27329.17,27350.21,27121.96,27145.75,1967090944
2015-06-26,27016.09,27016.09,26522.45,26663.87,2549895168
2015-06-29,26560.13,26631.51,25617.78,25966.98,3116720384
2015-06-30,25944.03,26469.82,25890.32,26250.03,2557548032
2015-07-02,26459.43,26459.43,26135.62,26282.32,2253035520
2015-07-03,26349.84,26399.33,25934.31,26064.11,1947346304
2015-07-06,26083.99,26261.53,24750.31,25236.28,3622802688
2015-07-07,25391.76,25438.42,24819.61,24975.31,3113799168
2015-07-08,24411.3,24411.3,22836.82,23516.56,5609701888
2015-07-09,23435.5,24692.46,23338.54,24392.79,4398914048
2015-07-10,24567.92,25014.98,24567.92,24901.28,3330797312
2015-07-13,24709.58,25275.76,24596.44,25224.01,2190526464
2015-07-14,25184.06,25250.95,24911.27,25120.91,2195675648
2015-07-15,25219.45,25219.45,24865.35,25055.76,1653068672
2015-07-16,24976.08,25170.35,24841.14,25162.78,1429030656
2015-07-17,25246.64,25516.98,25188.01,25415.27,1319081472
2015-07-20,25540.31,25540.31,25298.96,25404.81,1121901696
2015-07-21,25428.88,25633.4,25345.44,25536.43,1160194816
2015-07-22,25401.79,25401.79,25178.43,25282.62,1339066496
2015-07-23,25308.55,25500.36,25250.36,25398.85,1165582848
2015-07-24,25279.95,25279.95,25073.49,25128.51,1169715712
2015-07-27,24906.78,24908.58,24282.21,24351.96,2389359616
2015-07-28,24269.9,24946.74,24145.95,24503.94,2200232448
2015-07-29,24630.44,24718.45,24444.47,24619.45,1392329344
2015-07-30,24822.42,24872.7,24480,24497.98,1534255872
2015-07-31,24650.93,24652.95,24467.83,24636.28,1405915008
2015-08-03,24533.14,24533.14,24233.01,24411.42,1512340224
2015-08-04,24364.41,24519.08,24217.78,24406.12,1263451776
2015-08-05,24466.3,24580.02,24422.47,24514.16,1139607936
2015-08-06,24527.74,24527.74,24320.75,24375.28,1007708352
2015-08-07,24327.56,24641.93,24327.56,24552.47,1141125760
2015-08-10,24433.66,24602.67,24137.78,24521.12,1249120768
2015-08-11,24694.78,24924.07,24422.66,24498.21,1658193664
2015-08-12,24269.11,24323.29,23826.96,23916.02,1908914944
2015-08-13,23935.48,24133.87,23860.82,24018.8,1769840256
2015-08-14,24055.02,24126.3,23957.85,23991.03,1235137280
2015-08-17,23945.6,23950.57,23699.84,23814.65,1234885120
2015-08-18,23956.86,24024.25,23464.35,23474.97,1499327616
2015-08-19,23555.02,23586.79,23139.89,23167.85,1973994880
2015-08-20,22973.87,23033.97,22611.46,22757.47,2411385856
2015-08-21,22343.25,22492.79,22185.85,22409.62,2567643136
2015-08-24,21605.97,21679.45,21137.03,21251.57,3690641920
2015-08-25,21119.53,21871.4,20872.43,21404.96,3699830016
2015-08-26,21434.25,21685.13,21060.09,21080.39,3047502080
2015-08-27,21758.62,21963.43,21407.59,21838.54,3291719936
2015-08-28,22424.4,22424.4,21586.76,21612.39,3102497280
2015-08-31,21793.02,21793.02,21399.7,21670.58,2769722368
2015-09-01,21692.78,21692.78,21170.86,21185.43,2222668544
2015-09-02,21101.42,21288.53,20771.77,20934.94,2590329856
2015-09-04,21158.93,21173.09,20715.02,20840.61,2186517760
2015-09-07,20683.31,21056.39,20579.93,20583.52,1707394048
2015-09-08,20636.83,21431.32,20524.88,21259.04,2336257024
2015-09-09,21632.69,22228.59,21529.81,22131.31,3036728320
2015-09-10,21667.86,21766.03,21492.09,21562.5,2157315328
2015-09-11,21710.13,21909.7,21472.62,21504.37,2444988928
2015-09-14,21678.88,21762.15,21441.71,21561.9,1517643008
2015-09-15,21527.53,21634.48,21413.79,21455.23,1394026624
2015-09-16,21731.34,22103.06,21608.5,21966.66,2141890048
2015-09-17,22172.68,22203.36,21718.71,21854.63,2184153088
2015-09-18,21807.25,22052.11,21807.25,21920.83,2118301824
2015-09-21,21614.43,21778.06,21590.7,21756.93,1415234816
2015-09-22,21794.34,22111.67,21773.53,21796.58,1482637696
2015-09-23,21529.47,21577.45,21008.61,21302.91,2375786752
2015-09-24,21304.9,21362.85,21053.5,21095.98,1646124032
2015-09-25,21070.39,21318.33,20958.14,21186.32,1782429568
2015-09-29,20579.22,20579.22,20371.64,20556.6,2615420160
2015-09-30,20795.93,20939.39,20685.12,20846.3,2200522496
2015-10-02,21172.94,21530.8,21131.14,21506.09,2228057344
2015-10-05,21930.97,21980.84,21739.9,21854.5,1514215808
2015-10-06,22169.1,22169.1,21719.51,21831.62,1672753152
2015-10-07,21884.73,22526.27,21818.74,22515.76,3023530240
2015-10-08,22588.69,22588.69,22202.8,22354.91,1990937600
2015-10-09,22615.94,22807.86,22440.88,22458.8,2477639936
2015-10-12,22614.33,22779.5,22562.26,22730.93,1929755520
2015-10-13,22677.6,22798.9,22518.93,22600.46,1763809408
2015-10-14,22398.82,22576.5,22356.56,22439.91,1394578048
2015-10-15,22667.42,22940.25,22567.65,22888.17,1980232704
2015-10-16,23133.59,23178.14,22954.18,23067.37,1982041856
2015-10-19,23085.61,23100.66,22913.6,23075.61,1298164736
2015-10-20,22991.6,23057.93,22843.04,22989.22,1255015808
2015-10-22,22795.58,22869.15,22728.52,22845.37,1416639744
2015-10-23,23220.38,23220.38,23088.03,23151.94,1974520832
2015-10-26,23423.64,23423.64,23066.94,23116.25,1510497792
2015-10-27,23053.12,23143.88,22885.22,23142.73,1579929984
2015-10-28,23070.7,23120.25,22923.66,22956.57,1419722368
2015-10-29,23054.53,23054.53,22811.32,22819.94,1813427840
2015-10-30,22785.86,22847.16,22616.2,22640.04,1584678784
2015-11-02,22502.28,22605.8,22332.71,22370.04,1688748032
2015-11-03,22603.15,22697,22563.43,22568.43,1515018368
2015-11-04,22737.44,23342.07,22737.44,23053.57,2684612608
2015-11-05,23045.1,23179.89,22960.62,23051.04,1549191424
2015-11-06,22914.2,22922.79,22792.53,22867.33,1438134400
2015-11-09,22753.51,22970.83,22691.48,22726.77,1592727040
2015-11-10,22505.7,22534.64,22340.59,22401.7,1852382720
2015-11-11,22394.15,22477.37,22325.2,22352.17,1463160320
2015-11-12,22477.6,22980.97,22454.96,22888.92,1901298048
2015-11-13,22494.09,22519.33,22320.86,22396.14,2064428288
2015-11-16,21958.28,22126.29,21958.28,22010.82,1872622720
2015-11-17,22315.18,22497.33,22243.96,22264.25,1678046336
2015-11-18,22331.77,22349.73,22167.28,22188.26,1248935936
2015-11-19,22423.88,22559.06,22416,22500.22,1424210560
2015-11-20,22510.45,22790.07,22412.63,22754.72,1268998400
2015-11-23,22760.05,22802.71,22619.68,22665.9,1109272960
2015-11-24,22593.09,22629.75,22433.51,22587.63,1231708288
2015-11-25,22533.53,22617.21,22438.03,22498,1560014464
2015-11-26,22749.6,22787.5,22453.69,22488.94,1163327488
2015-11-27,22555.42,22555.42,22051.01,22068.32,2107988480
2015-11-30,21974.81,22195.25,21907.35,21996.42,2928378624
2015-12-01,22197.81,22477.51,22143.57,22381.35,2045652992
2015-12-02,22471.35,22563.47,22369.42,22479.69,1722813568
2015-12-03,22327.04,22485.25,22327.04,22417.01,1310379904
2015-12-04,22142.11,22239.72,22108.46,22235.89,1657650688
2015-12-07,22336.32,22352.25,22200.55,22203.22,1330217600
2015-12-08,22058.55,22058.55,21765.62,21905.13,1868349696
2015-12-09,21773.77,21872.33,21755.69,21803.76,1408185344
2015-12-10,21714.23,21880.19,21668.13,21704.61,1638588800
2015-12-11,21719.17,21727.75,21440.7,21464.05,1442385664
2015-12-14,21063.28,21378.19,21010.26,21309.85,1769092992
2015-12-15,21215.54,21442.21,21215.54,21274.37,1624037376
2015-12-16,21557.73,21772.79,21557.73,21701.21,1696519424
2015-12-17,21841.09,22005.19,21763.76,21872.06,1654596608
2015-12-18,21656.56,21956.49,21626.17,21755.56,1829042304
2015-12-21,21641.17,21871.22,21641.17,21791.68,1343052288
2015-12-22,21846.9,21870.31,21750.74,21830.02,945077248
2015-12-23,21869.4,22103.63,21846.48,22040.59,1085656192
2015-12-24,22207.82,22217.45,22129.21,22138.13,734829312
2015-12-28,22151.73,22151.73,21880.51,21919.62,901160768
2015-12-29,21923.27,22024.28,21881.71,21999.62,790490880
2015-12-30,22094.59,22114.56,21868.03,21882.15,1091631488
2015-12-31,21892.25,21970.33,21864.12,21914.4,525968928
2016-01-04,21782.62,21782.62,21227.76,21327.12,1765046144
2016-01-05,21318.69,21452.74,21095.9,21188.72,1530665088
2016-01-06,21142.63,21199.62,20947.3,20980.81,1702147840
2016-01-07,20772.6,20826.44,20325.01,20333.34,3074230784
2016-01-08,20491.88,20596.42,20324.62,20453.71,2142405504
2016-01-11,19997.42,20066.23,19865.18,19888.5,2193649920
2016-01-12,20030.03,20130.8,19700.03,19711.76,1891089792
2016-01-13,20028.86,20234.78,19850.73,19934.88,1842340608
2016-01-14,19578.92,19893.67,19511.05,19817.41,1838366336
2016-01-15,19781.46,19828.41,19503.01,19520.77,1992379008
2016-01-18,19287.38,19439.49,19195.56,19237.45,2101680896
2016-01-19,19283.57,19647.75,19204.22,19635.81,1881814272
2016-01-20,19332.22,19332.22,18833.88,18886.3,2535604736
2016-01-21,19079.13,19238.27,18538.45,18552.77,2689118208
2016-01-22,19000.79,19152.8,18769.61,19080.51,2462316032
2016-01-25,19341.41,19490.27,19291.91,19340.14,1831718144
2016-01-26,19068.84,19098.07,18811.83,18860.8,1931180544
2016-01-27,19211.86,19216.99,18931.34,19052.45,1989536768
2016-01-28,19093.77,19223.59,18982.22,19195.83,2001836928
2016-01-29,19138.42,19709.99,19130.59,19683.11,2422862592
2016-02-01,19770.96,19770.96,19444.26,19595.5,1645833344
2016-02-02,19474.87,19628.57,19403.49,19446.84,1838676608
2016-02-03,18910.88,19032.71,18764.82,18991.59,2192281600
2016-02-04,19190.36,19338.37,19167.42,19183.09,1605140736
2016-02-05,19287.36,19397.88,19231.23,19288.17,1303925888
2016-02-11,18486.93,18626.34,18446.56,18545.8,1926229248
2016-02-12,18278.8,18482.33,18278.8,18319.58,2082281600
2016-02-15,18668.87,18937.06,18668.87,18918.14,1782824704
2016-02-16,19013.74,19260.02,18974.63,19122.08,1926970240
2016-02-17,19198.18,19308.54,18909.06,18924.57,1741725312
2016-02-18,19409.21,19436.22,19266.22,19363.08,1900952576
2016-02-19,19238.43,19342.03,19210.65,19285.5,1307927680
2016-02-22,19374.24,19524.97,19374.24,19464.09,1244806144
2016-02-23,19506.94,19519.85,19328.26,19414.78,1262915200
2016-02-24,19282.34,19360.8,19060.16,19192.45,1343007488
2016-02-25,19215.49,19215.49,18867.7,18888.75,1439040768
2016-02-26,19179.95,19436.71,19122.56,19364.15,1684071168
2016-02-29,19366.17,19377.72,19053.78,19111.93,1309736064
2016-03-01,19259.99,19420,19108.3,19407.46,1519465600
2016-03-02,19788.17,20057.71,19788.17,20003.49,2531787264
2016-03-03,20082.01,20082.01,19791.6,19941.76,1816160896
2016-03-04,20052.1,20200.15,19977.43,20176.7,1966809472
2016-03-07,20306.09,20331.69,20095.63,20159.72,1989939072
2016-03-08,20132.1,20137.73,19902.75,20011.58,1494130176
2016-03-09,19898.74,20005.27,19820.36,19996.26,1240037248
2016-03-10,20055.42,20184.23,19923.54,19984.42,1427376256
2016-03-11,19900.67,20238.72,19853.63,20199.6,2031676032
2016-03-14,20371.59,20512.03,20328.88,20435.34,1776146048
2016-03-15,20298.15,20366.56,20254.59,20288.77,1230045312
2016-03-16,20339.9,20382.21,20168.79,20257.7,1251242112
2016-03-17,20580.06,20618.55,20435.65,20503.81,1748461696
2016-03-18,20599.19,20687.97,20515.66,20671.63,2156273664
2016-03-21,20738.25,20772.46,20618.56,20684.15,1567123584
2016-03-22,20765.07,20765.07,20576.8,20666.75,1343683200
2016-03-23,20629.4,20693.48,20513.61,20615.23,1222060800
2016-03-24,20450.69,20498.68,20269.46,20345.61,1506101248
2016-03-29,20386.32,20386.32,20250.15,20366.3,1344195712
2016-03-30,20545.44,20820.73,20541.97,20803.39,2122338816
2016-03-31,20811.46,20872.55,20689.9,20776.7,1836089472
2016-04-01,20786.18,20786.18,20456.71,20498.92,1684118272
2016-04-05,20311.86,20311.86,20118.86,20177,1934750080
2016-04-06,20100,20249.82,20100,20206.67,1379662208
2016-04-07,20297.82,20370.52,20165.76,20266.05,1540144640
2016-04-08,20061.6,20370.4,20045.47,20370.4,1480012672
2016-04-11,20255.84,20550.95,20240.69,20440.81,1272374656
2016-04-12,20440.72,20545.84,20407.82,20504.44,1027960384
2016-04-13,20739.34,21171.29,20716.91,21158.71,2577672192
2016-04-14,21456.61,21511.08,21266.21,21337.81,2117814272
2016-04-15,21374.65,21423.06,21237.34,21316.47,1457369984
2016-04-18,21129.68,21171,21003.07,21161.5,1470972416
2016-04-19,21438.13,21459.04,21259.17,21436.21,1507310336
2016-04-20,21452.82,21452.82,21103.38,21236.31,1769840640
2016-04-21,21406.4,21634.72,21332.21,21622.25,1761976832
2016-04-22,21448.15,21494.64,21358.53,21467.04,1322371840
2016-04-25,21408.56,21430.57,21254.46,21304.44,1237085184
2016-04-26,21380.02,21417.51,21083.6,21407.27,1388439808
2016-04-27,21372.33,21439.53,21277.18,21361.6,1285824256
2016-04-28,21488.96,21654.07,21255.42,21388.03,1736241536
2016-04-29,21215.2,21235.39,21023.77,21067.05,1652720000
2016-05-03,21061.77,21061.77,20668.37,20676.94,1760491008
2016-05-04,20556.5,20579.76,20413.55,20525.83,1604016000
2016-05-05,20363.86,20533.87,20343.33,20449.82,1396883584
2016-05-06,20357.45,20377.94,20058.94,20109.87,1779177088
2016-05-09,20279.9,20301.79,20125.78,20156.81,1364211840
2016-05-10,19962.43,20294.46,19962.43,20242.68,1491676160
2016-05-11,20347.76,20347.76,20008.92,20055.29,1379305728
2016-05-12,20100.5,20100.5,19863.62,19915.46,1185988864
2016-05-13,19843.49,19881.91,19594.61,19719.29,1812885248
2016-05-16,19711.77,19995.26,19705.91,19883.95,1532028288
2016-05-17,19987.24,20145.77,19847.7,20118.8,1617174528
2016-05-18,19862.42,19923.83,19749.29,19826.41,1393385984
2016-05-19,19729.63,19793.46,19647.01,19694.33,1183596928
2016-05-20,19631.71,19954.03,19631.71,19852.2,1286318848
2016-05-23,19788.13,19954.88,19753.4,19809.03,1120199680
2016-05-24,19828.02,19869.72,19712.86,19830.43,1210408064
2016-05-25,20156.76,20379.66,20156.76,20368.05,2103877376
2016-05-26,20373.48,20404.73,20250.53,20397.11,1388673408
2016-05-27,20425,20620.15,20291.62,20576.77,1661189632
2016-05-30,20523.67,20765.61,20465.84,20629.39,1848476416
2016-05-31,20617.33,20973.85,20617.33,20815.09,3226368768
2016-06-01,20726.53,20897.8,20713.88,20760.98,1466248064
2016-06-02,20769.81,20876.52,20680.88,20859.22,2049730176
2016-06-03,20956.08,21046.77,20887.79,20947.24,1927107456
2016-06-06,20971.13,21037.99,20840.95,21030.22,1475494016
2016-06-07,21218.96,21349.99,21153.88,21328.24,1876492800
2016-06-08,21294.27,21352.37,21179.95,21297.88,1553072256
2016-06-10,21240.08,21270.62,21019.21,21042.64,1691347584
2016-06-13,20647.51,20664.59,20432.26,20512.99,2147869184
2016-06-14,20476.75,20536.83,20359.82,20387.53,1545072768
2016-06-15,20161.01,20553.58,20161.01,20467.52,1782609408
2016-06-16,20284.91,20294.09,19965.43,20038.42,1960767232
2016-06-17,20244.23,20282.04,20091.06,20169.98,2261478400
2016-06-20,20425.06,20548.6,20288.75,20510.2,1614190720
2016-06-21,20522.36,20679.45,20516.73,20668.44,1658747520
2016-06-22,20553.94,20841.51,20515.25,20795.12,1892647168
2016-06-23,20862.59,20888.72,20753.94,20868.34,1715395840
2016-06-24,20483.51,21031.43,19662.7,20259.13,4075534592
2016-06-27,19982.66,20329.16,19969.47,20227.3,1845024512
2016-06-28,19898.75,20196.2,19898.75,20172.46,1979364864
2016-06-29,20217.07,20456.58,20217.07,20436.12,1614668160
2016-06-30,20736.85,20828.03,20615.56,20794.37,2095647616
2016-07-04,20967.47,21165.29,20840.64,21059.2,1895189248
2016-07-05,20919.52,20945.98,20737.16,20750.72,1263281152
2016-07-06,20475.4,20558.96,20305.65,20495.29,1683749376
2016-07-07,20606.68,20731.12,20576.74,20706.92,1160174464
2016-07-08,20622.83,20643.61,20468.53,20564.17,1231721856
2016-07-11,20951.17,20972.85,20840,20880.5,2060486144
2016-07-12,21046.94,21250.86,20957.72,21224.74,2031520896
2016-07-13,21356.64,21441.23,21279.77,21322.37,1881684864
2016-07-14,21297.54,21581.42,21242.93,21561.06,1999968640
2016-07-15,21589.08,21737.91,21515.35,21659.25,1840044544
2016-07-18,21656.88,21822,21616.16,21803.18,1411100544
2016-07-19,21734.34,21760.21,21613.74,21673.2,1296221184
2016-07-20,21646.39,21893.23,21632.51,21882.48,1461119616
2016-07-21,21971.97,22116.61,21913.16,22000.49,1618305792
2016-07-22,21913.04,21972.58,21832.43,21964.27,1155667840
2016-07-25,22071.77,22071.77,21879.24,21993.44,1226764928
2016-07-26,21890.89,22298.64,21890.89,22129.73,1998203904
2016-07-27,22193.31,22275.44,21997.88,22218.99,2019004544
2016-07-28,22134.12,22213.19,22055.08,22174.34,1660953344
2016-07-29,22055.95,22152.08,21835.44,21891.37,1799493888
2016-08-01,22027.65,22260.95,22027.65,22129.14,1872144768
2016-08-03,21743.32,21822.04,21725.62,21739.12,1737499648
2016-08-04,21873.36,21922.42,21788.31,21832.23,1051032832
2016-08-05,21961.05,22193.13,21961.05,22146.09,1199972864
2016-08-08,22324.18,22503.16,22260.07,22494.76,1452626048
2016-08-09,22464.1,22496.75,22402.91,22465.61,1346653312
2016-08-10,22511.1,22616.03,22399.45,22492.43,1612937344
2016-08-11,22412.31,22689.94,22359.92,22580.55,2429721344
2016-08-12,22788.88,22816.35,22704.05,22766.91,2387660032
2016-08-15,22765.23,22975.58,22765.23,22932.51,2573467648
2016-08-16,23008.09,23084.52,22842.76,22910.84,2067650176
2016-08-17,22995.51,23029.48,22776.87,22799.78,2145682048
2016-08-18,23046.69,23193.9,22976.11,23023.16,2400388096
2016-08-19,23153.74,23153.74,22875.56,22937.22,2160357376
2016-08-22,22941.53,23005.16,22794.16,22997.91,1773883008
2016-08-23,22927.47,22998.93,22855.88,22998.93,1568285824
2016-08-24,23010.63,23033.55,22702.61,22820.78,1824925568
2016-08-25,22814.37,22896.39,22736.24,22814.95,1752811520
2016-08-26,22827.22,22997.4,22827.22,22909.54,1649543168
2016-08-29,22904.2,22922.68,22762.73,22821.34,1301622144
2016-08-30,22945.08,23073.52,22898.78,23016.11,1635903104
2016-08-31,23043.08,23059.06,22939.87,22976.88,1932181504
2016-09-01,22897.16,23193.03,22843.42,23162.34,2171686400
2016-09-02,23157.01,23306.48,23153.46,23266.7,2588173312
2016-09-05,23576.31,23686.21,23530.36,23649.55,1974632320
2016-09-06,23683.28,23787.68,23554.15,23787.68,1887507456
2016-09-07,23785.23,23829.72,23695.68,23741.81,1999666816
2016-09-08,23704.36,23926.69,23663.59,23919.34,1738900480
2016-09-09,23924.77,24362.82,23914.73,24099.7,2857413120
2016-09-12,23596.03,23625.37,23290.6,23290.6,2611809024
2016-09-13,23564.13,23652.41,23197.89,23215.76,1666669440
2016-09-14,23225.58,23371.53,23158.34,23190.64,1519295488
2016-09-15,23237.2,23471.25,23194.37,23335.59,1752486144
2016-09-19,23486.62,23624.25,23394.95,23550.45,2116272000
2016-09-20,23494.01,23556.06,23397.13,23530.86,1529423360
2016-09-21,23522.86,23727.33,23436.23,23669.9,1677700224
2016-09-22,23920.18,24057.84,23683.58,23759.8,2404125184
2016-09-23,23836.6,23845.78,23628.64,23686.48,1930797568
2016-09-26,23554.83,23559.7,23278.28,23317.92,1703887872
2016-09-27,23356.03,23646.03,23295.05,23571.9,1872568192
2016-09-28,23455.73,23619.65,23370.44,23619.65,1571495808
2016-09-29,23828.6,23828.6,23608.94,23739.47,1655751808
2016-09-30,23435.29,23484.37,23240.11,23297.15,1726642048
2016-10-03,23652.83,23698.3,23501.32,23584.43,982850752
2016-10-04,23665.35,23689.44,23518.56,23689.44,1039331136
2016-10-05,23619.91,23846.68,23566.22,23788.31,1344968448
2016-10-06,23859.41,24004.09,23826.45,23952.5,1774728960
2016-10-07,23948.95,23948.95,23770.14,23851.82,1173026304
2016-10-11,24013.84,24059.34,23442.22,23549.52,2224047872
2016-10-12,23386.92,23443.83,23268.63,23407.05,1896609152
2016-10-13,23300.38,23347.97,23006.12,23031.3,2017967232
2016-10-14,23119.96,23317.81,23087.14,23233.31,1547184128
2016-10-17,23164.54,23177.19,22978.01,23037.54,1156164992
2016-10-18,23130.2,23402.09,23130.2,23394.39,1423480704
2016-10-19,23393.8,23445.56,23234.67,23304.97,1041154368
2016-10-20,23412.68,23500.82,23360.75,23374.4,1124799744
2016-10-24,23431.63,23620.09,23235.61,23604.08,1860617216
2016-10-25,23581.69,23629.17,23506.64,23565.11,1219507328
2016-10-26,23396.14,23464.03,23311.62,23325.43,1061152256
2016-10-27,23347.19,23352.62,23002.74,23132.35,1599941248
2016-10-28,23088.83,23155.34,22848.47,22954.81,1252620288
2016-10-31,22845.82,23045.37,22775.29,22934.54,1338067200
2016-11-01,23015.06,23267.69,23015.06,23147.07,1585536768
2016-11-02,22946.06,22949.68,22786.07,22810.5,1087131904
2016-11-03,22708.55,22855.01,22683.51,22683.51,1167720192
2016-11-04,22611.54,22771.61,22587.8,22642.62,1045787008
2016-11-07,22682.71,22867.24,22623.84,22801.4,1419473664
2016-11-08,22981.91,22995.59,22820.39,22909.47,1046630016
2016-11-09,23048.32,23048.32,21957.71,22415.19,3658172160
2016-11-10,22848.74,22916.86,22778.42,22839.11,1644312832
2016-11-11,22622.46,22672.41,22445.79,22531.09,2170465024
2016-11-14,22344.23,22359.01,22118.87,22222.22,1969226112
2016-11-15,22270.9,22407.4,22254.09,22323.91,1506649344
2016-11-16,22439.98,22499.31,22280.53,22280.53,1659557248
2016-11-17,22170.07,22366.56,22114.02,22262.88,1397338752
2016-11-18,22239.23,22374.36,22146.88,22344.21,1163675008
2016-11-21,22313.04,22480.49,22229.75,22357.78,1412988288
2016-11-22,22491.71,22718.68,22486.49,22678.07,1908524928
2016-11-23,22702.41,22801.31,22641.75,22676.69,1818770944
2016-11-24,22574.82,22647.38,22488.22,22608.49,1173253248
2016-11-25,22609.22,22763.46,22589.53,22723.45,1428165248
2016-11-28,22738.94,22963.21,22738.94,22830.57,1872488832
2016-11-29,22739.51,22868.14,22728.11,22737.07,1747446656
2016-11-30,22842.36,22889.47,22755.35,22789.77,2126732032
2016-12-01,22948.65,23011.26,22837.53,22878.23,2185144832
2016-12-02,22736.84,22756.01,22559.2,22564.82,2555746560
2016-12-05,22580.75,22628.13,22375.28,22505.55,1676339968
2016-12-06,22694.27,22746.67,22626.78,22675.15,1300700800
2016-12-07,22805.13,22842.58,22708.88,22800.92,1144817152
2016-12-08,23027.38,23076.18,22817.63,22861.84,1764686080
2016-12-09,22765.84,22813.85,22661.23,22760.98,1624764544
2016-12-12,22860.27,22863.61,22377.42,22433.02,2076832896
2016-12-13,22407.62,22456.05,22293.35,22446.7,1776519168
2016-12-14,22596.71,22626.01,22456.62,22456.62,1877415808
2016-12-15,22257.71,22305.07,21999.3,22059.4,2583217408
2016-12-16,21996.38,22155.04,21967.12,22020.75,1958465792
2016-12-19,21945.84,21947.3,21786.56,21832.68,1369587968
2016-12-20,21767.61,21873.56,21667.19,21729.06,1337270144
2016-12-21,21770.89,21908.43,21756.17,21809.8,1244082176
2016-12-22,21800.22,21820.11,21594.58,21636.2,1479108864
2016-12-23,21553.78,21601.07,21491.83,21574.76,1830424832
2016-12-28,21562.7,21810.54,21488.82,21754.74,2240453376
2016-12-29,21591.04,21810.4,21587.07,21790.91,1933136256
2016-12-30,21818.91,22069.62,21818.91,22000.56,2470800384
2017-01-03,21993.36,22189.31,21883.82,22150.4,1342658176
2017-01-04,22201.08,22228.06,22076.63,22134.47,1482136320
2017-01-05,22302.64,22482.77,22230.31,22456.69,1887270400
2017-01-06,22583.29,22605.66,22446.2,22503.01,1432962560
2017-01-09,22561.11,22626.43,22476.76,22558.69,1343848192
2017-01-10,22561.17,22744.85,22550.06,22744.85,1466511232
2017-01-11,22816.01,22944.58,22767.37,22935.35,1602169344
2017-01-12,22956.44,22969.74,22751.67,22829.02,1499656704
2017-01-13,22879.57,22971.45,22859.28,22937.38,1414268288
2017-01-16,22895.36,22908.86,22657.35,22718.15,1353976960
2017-01-17,22819.87,22867.84,22710.93,22840.97,1051152576
2017-01-18,22889.33,23151.75,22882.02,23098.26,1689344512
2017-01-19,23104.35,23104.35,22942.17,23049.96,1174126336
2017-01-20,22966.53,22987.68,22858.25,22885.91,1207476096
2017-01-23,22926.3,23068.08,22862.27,22898.52,1068403776
2017-01-24,22965.25,22986.45,22907.78,22949.86,1462887040
2017-01-25,23066.4,23066.4,22961.38,23049.12,1185813120
2017-01-26,23173.46,23385.93,23145.31,23374.17,1856554496
2017-01-27,23339.15,23395.66,23311.63,23360.78,777897664
2017-02-01,23211.88,23318.39,23082.62,23318.39,1515037568
2017-02-02,23309.46,23438.39,23131.37,23184.52,987795840
2017-02-03,23216.97,23226.92,22997.82,23129.21,1339282048
2017-02-06,23239.29,23348.24,23149.7,23348.24,1439947264
2017-02-07,23287.89,23403.6,23256.69,23331.57,1523355648
2017-02-08,23284.76,23520.77,23160.99,23485.13,2601105408
2017-02-09,23533.52,23644.63,23489.65,23525.14,2741007360
2017-02-10,23645.9,23718.47,23573.85,23574.98,2143167232
2017-02-13,23664.53,23751.92,23615.39,23710.98,1990274560
2017-02-14,23695.29,23734.46,23614.47,23703.01,1957113472
2017-02-15,23771.95,24065.89,23771.95,23994.87,3843901184
2017-02-16,24139.31,24161.39,23971.34,24107.7,3806666240
2017-02-17,24077.87,24103.22,23944.68,24033.74,2302691072
2017-02-20,24066,24201.81,24022.15,24146.08,1936955008
2017-02-21,24174.11,24213.57,23909.15,23963.63,1839886592
2017-02-22,24059.09,24201.96,23999.55,24201.96,2230148096
2017-02-23,24122.18,24216.53,24050.41,24114.86,1880953216
2017-02-24,24115.61,24121.91,23958.46,23965.7,1750717056
2017-02-27,23941.81,24063.85,23825.24,23925.05,1727456256
2017-02-28,23952.64,24007.81,23740.73,23740.73,1666247296
2017-03-01,23849.22,23856.73,23730.05,23776.49,1648831360
2017-03-02,24044.48,24080.87,23695.39,23728.07,2111361280
2017-03-03,23618.36,23635.24,23514.17,23552.72,2387983872
2017-03-06,23600.49,23691.05,23574.28,23596.28,1442731392
2017-03-07,23630.35,23728,23585.91,23681.07,1282674432
2017-03-08,23627.28,23816.23,23563.14,23782.27,1823218048
2017-03-09,23667.77,23673.58,23457.27,23501.56,1781279488
2017-03-10,23534.98,23603.77,23439.25,23568.67,1534086272
2017-03-13,23643.3,23877.59,23569.6,23829.67,2016201728
2017-03-14,23871,23918.12,23768.34,23827.95,1857167744
2017-03-15,23705.07,23842.81,23645.51,23792.85,1352441856
2017-03-16,24101.98,24288.28,24003.75,24288.28,2576719104
2017-03-17,24376.13,24382.52,24242.91,24309.93,2512650240
2017-03-20,24312.57,24501.99,24312.57,24501.99,1716660608
2017-03-21,24565.73,24656.65,24501.92,24593.12,2055170816
2017-03-22,24336.33,24379.05,24207.24,24320.41,2136581504
2017-03-23,24381.04,24466.48,24271.53,24327.7,1795481600
2017-03-24,24396.41,24420.77,24263.17,24358.27,1784280192
2017-03-27,24235.69,24434.67,24138.78,24193.7,1730336000
2017-03-28,24329.17,24358.53,24275.76,24345.87,1506216832
2017-03-29,24470.66,24470.66,24330.7,24392.05,1834977408
2017-03-30,24429.12,24431.12,24250.4,24301.09,1768917120
2017-03-31,24305.53,24329.98,24106.73,24111.59,1733165568
2017-04-03,24236.56,24261.48,24164.86,24261.48,1708951040
2017-04-05,24370.95,24400.8,24166.01,24400.8,2697900288
2017-04-06,24310.41,24378.74,24212.47,24273.72,1722179328
2017-04-07,24247.01,24267.3,23984.72,24267.3,2253021440
2017-04-10,24302.01,24314.66,24215.54,24262.18,1193963776
2017-04-11,24280.87,24317.3,24007.85,24088.46,1803272832
2017-04-12,24068.91,24313.5,23994.13,24313.5,1534864768
2017-04-13,24173.42,24378.38,24160.13,24261.66,1334077824
2017-04-18,24268.17,24276.31,23893.62,23924.54,1552809728
2017-04-19,23875.98,23893.14,23723.87,23825.88,1568353024
2017-04-20,23851.02,24058.32,23827.07,24056.98,1559682304
2017-04-21,24143.04,24190.14,23992.49,24042.02,1387582848
2017-04-24,24185.76,24204.86,23958.39,24139.48,1379452672
2017-04-25,24204.78,24455.94,24201.91,24455.94,1938859648
2017-04-26,24563.25,24637.85,24515.23,24578.43,1720351232
2017-04-27,24663.1,24717.44,24455.12,24698.48,1615495808
2017-04-28,24691.29,24697.03,24564.07,24615.13,1218128512
2017-05-02,24773.8,24773.8,24577.33,24696.13,1655443456
2017-05-04,24680.45,24683.88,24530.93,24683.88,1814618496
2017-05-05,24625.35,24633.47,24360.71,24476.35,2086806016
2017-05-08,24604.29,24624.21,24476.2,24577.91,1399851008
2017-05-09,24656.95,24889.83,24549.12,24889.03,1423769088
2017-05-10,24931.82,25164.97,24931.82,25015.42,2368711168
2017-05-11,25101.53,25203.54,25024.76,25125.55,1693436800
2017-05-12,25126.48,25209.6,25087.32,25156.34,1461246208
2017-05-15,25233.31,25385.72,25213.47,25371.59,2281169664
2017-05-16,25413.35,25413.35,25228.46,25335.94,1853197696
2017-05-17,25355.76,25374.95,25247.27,25293.63,1559181440
2017-05-18,25034.19,25263.81,25026.47,25136.52,1729173632
2017-05-19,25171.66,25266.22,25124.06,25174.87,1353379072
2017-05-22,25318.29,25449.09,25201.34,25391.34,1454212480
2017-05-23,25415.57,25486.18,25307.27,25403.15,1813082752
2017-05-24,25382.26,25428.5,25296.8,25428.5,1453548160
2017-05-25,25511.46,25680.67,25491.78,25630.78,1949272832
2017-05-26,25670.98,25723.72,25588.7,25639.27,1498673152
2017-05-29,25672.4,25744.72,25579.8,25701.63,1111117824
2017-05-31,25706.45,25817.18,25652.13,25660.65,3090574848
2017-06-01,25736.35,25834.75,25617.51,25809.22,2079438336
2017-06-02,25926.06,25973,25853.64,25924.05,2051746176
2017-06-05,25976.36,25998.41,25801.84,25862.99,1820800128
2017-06-06,25819.53,26019.01,25805.36,25997.14,1588070144
2017-06-07,26025.21,26073.18,25898.82,25974.16,2061344128
2017-06-08,25974,26069.66,25923.61,26063.06,1684041984
2017-06-09,26090.33,26090.33,25922.71,26030.29,2978758144
2017-06-12,25925.45,25957.78,25689.58,25708.04,1664620544
2017-06-13,25826.52,25880.21,25722.63,25852.1,1357159424
2017-06-14,25915.46,25915.46,25713.02,25875.9,1494686208
2017-06-15,25772.28,25772.28,25565.34,25565.34,1709357696
2017-06-16,25601.81,25719.53,25558.69,25626.49,1751988992
2017-06-19,25736.2,25939.5,25736.2,25924.55,1150644736
2017-06-20,26028.43,26037.95,25834.16,25843.04,1290271872
2017-06-21,25752.27,25846.3,25577.21,25694.58,1752464896
2017-06-22,25597.46,25867.94,25597.46,25674.53,1602025216
2017-06-23,25724.28,25769.95,25648.78,25670.05,1342855936
2017-06-26,25727.93,25875.48,25721.14,25871.89,1243496448
2017-06-27,25911.2,25929.61,25780.69,25839.99,1219572992
2017-06-28,25735.21,25820.78,25625.9,25683.5,1703992192
2017-06-29,25872.93,25965.42,25814.8,25965.42,1802479360
2017-06-30,25679.64,25815.27,25661.43,25764.58,1666957568
2017-07-03,25654.77,25818.68,25654.77,25784.17,1551564544
2017-07-04,25782.85,25838.27,25251.72,25389.01,2476344832
2017-07-05,25354.38,25558.58,25199.91,25521.97,1925974528
2017-07-06,25574.57,25597.62,25438.02,25465.22,1540707328
2017-07-07,25377.21,25406.53,25317.9,25340.85,1526269568
2017-07-10,25392.03,25622.75,25334.42,25500.06,1797427456
2017-07-11,25605.19,25941.47,25605.19,25877.64,2299923968
2017-07-12,25991.35,26145.45,25991.35,26043.64,2778751744
2017-07-13,26340.29,26381.16,26255.31,26346.17,2032705152
2017-07-14,26416.68,26416.68,26295.99,26389.23,1798806016
2017-07-17,26572.92,26616.77,26353.83,26470.58,1894274944
2017-07-18,26489.52,26540.17,26381.7,26524.94,1930237952
2017-07-19,26561.81,26682.64,26541.98,26672.16,1388466944
2017-07-20,26770.48,26792.78,26632.98,26740.21,1451900544
2017-07-21,26777.44,26777.44,26665.6,26706.09,1548866560
2017-07-24,26720.04,26882,26674.5,26846.83,1579864576
2017-07-25,26847.58,26888.36,26800.27,26852.05,1495822720
2017-07-26,26960.81,27003.32,26786.63,26941.02,2243794176
2017-07-27,27002.7,27169.15,26962.03,27131.17,1818500864
2017-07-28,27007.97,27047.74,26932.37,26979.39,1501072384
2017-07-31,27048.45,27323.99,27045.41,27323.99,1745581568
2017-08-01,27326.04,27558,27326.04,27540.23,2466415104
2017-08-02,27645.28,27747.35,27571.34,27607.38,2116117120
2017-08-03,27533.51,27600.46,27401.06,27531.01,1734664320
2017-08-04,27564.71,27615.03,27508.5,27562.68,1510246528
2017-08-07,27665.71,27730.38,27630.24,27690.36,1530549248
2017-08-08,27684.6,27865.76,27626.19,27854.91,1779971840
2017-08-09,27760.08,27872.14,27605.31,27757.09,1701722240
2017-08-10,27791.36,27791.36,27268.25,27444,2243259904
2017-08-11,27000.43,27184.21,26863.71,26883.51,3230406912
2017-08-14,27091.77,27265.67,27032.55,27250.23,1460177280
2017-08-15,27371.25,27437.22,27174.96,27174.96,2820570624
2017-08-16,27238.81,27419.49,27238.81,27409.07,1825831680
2017-08-17,27610.29,27616.99,27302.48,27344.22,1850856448
2017-08-18,26999.6,27236.32,26951.97,27047.57,1743917952
2017-08-21,27100.63,27221.31,27086.43,27154.68,1825384576
2017-08-22,27322.2,27507.29,27321.61,27401.67,2113101568
2017-08-24,27642.23,27642.23,27485.87,27518.6,2774753024
2017-08-25,27539.11,27878.37,27480.11,27848.16,3908527104
2017-08-28,27905.59,28071.17,27810.94,27863.29,3112774144
2017-08-29,27744.58,27839.83,27638.73,27765.01,1770888064
2017-08-30,27957.74,28125.55,27912.82,28094.61,2208695040
2017-08-31,27934.45,27992.27,27861.77,27970.3,2882019328
2017-09-01,28015.22,28116.31,27915.44,27953.16,1808786560
2017-09-04,27881.71,27884.14,27662.29,27740.26,1677034752
2017-09-05,27797.44,27871.76,27685.45,27741.35,1275361408
2017-09-06,27671.56,27683.65,27423.35,27613.76,1718206208
2017-09-07,27817.87,27817.87,27492.82,27522.92,1834172032
2017-09-08,27571.59,27707.08,27569.13,27668.47,1459923200
2017-09-11,27877.69,27976.98,27862.18,27955.13,1424477312
2017-09-12,28068.7,28071.54,27884.63,27972.24,1353823488
2017-09-13,27984.27,27984.27,27751.28,27894.08,1481747968
2017-09-14,27788.84,27894.75,27699.09,27777.2,1701357056
2017-09-15,27736.6,27893.58,27514.04,27807.59,2231107072
2017-09-18,27971.37,28159.77,27917.18,28159.77,1594090752
2017-09-19,28200.54,28248.12,28032.17,28051.41,1650760320
2017-09-20,28099.29,28149,28013.11,28127.8,1543023744
2017-09-21,28091.24,28184.37,28047.65,28110.33,1675614592
2017-09-22,27949.83,27960.92,27846.05,27880.53,1421968768
2017-09-25,27851.54,27851.54,27477.65,27500.34,1855899648
2017-09-26,27308.61,27565.75,27300.37,27513.01,1735635584
2017-09-27,27503.05,27673.21,27503.05,27642.43,1868479360
2017-09-28,27661.27,27665.16,27421.6,27421.6,2029869824
2017-09-29,27492.13,27579.97,27383.16,27554.3,1717038592
2017-10-03,27884.21,28194.04,27737.38,28173.21,3536737536
2017-10-04,28311.27,28519.43,28311.27,28379.18,2160206592
2017-10-06,28626.41,28626.41,28379.12,28458.04,2028753536
2017-10-09,28440.17,28487.05,28283.14,28326.59,1799209088
2017-10-10,28334.92,28503.84,28260.2,28490.83,1431713024
2017-10-11,28622.01,28623.11,28330.73,28389.57,1932727168
2017-10-12,28431.05,28528.71,28343.32,28459.03,1628280064
2017-10-13,28423.65,28492.39,28369.87,28476.43,1666408576
2017-10-16,28661.98,28792.06,28620.38,28692.8,1794487680
2017-10-17,28777.18,28777.18,28641.95,28697.49,1326678784
2017-10-18,28636.2,28729.34,28630.05,28711.76,1473359744
2017-10-19,28783.85,28798.78,28094.54,28159.09,2191163392
2017-10-20,28360.02,28515.65,28313.7,28487.24,1539370496
2017-10-23,28557.8,28557.8,28255.85,28305.88,1765005696
2017-10-24,28232.62,28355.66,28098.83,28154.97,1471024256
2017-10-25,28238.85,28387.21,28198.56,28302.89,1312174464
2017-10-26,28165.61,28316.2,28103.32,28202.38,1475888512
2017-10-27,28332.91,28494.52,28305.73,28438.85,2325279488
2017-10-30,28585.15,28650.69,28336.19,28336.19,2199283200
2017-10-31,28247,28354.11,28183.79,28245.54,2522863616
2017-11-01,28387.55,28606.59,28332.38,28594.06,2388203008
2017-11-02,28604.95,28643.35,28492.41,28518.64,2217936896
2017-11-03,28603.51,28660.24,28542.7,28603.61,1625329024
2017-11-06,28616.35,28650.79,28138.74,28596.8,2329901056
2017-11-07,28715.4,29014.96,28715.4,28994.34,2194556672
2017-11-08,28950.5,29122.08,28885.07,28907.6,1888067840
2017-11-09,28987.79,29192.51,28960.74,29136.57,1879379456
2017-11-10,29060.13,29237.85,29036.45,29120.92,1836878336
2017-11-13,29058.23,29258.5,29058.23,29182.18,1842083328
2017-11-14,29272.1,29318.57,29143.63,29152.12,1749529472
2017-11-15,29026.11,29106.49,28851.69,28851.69,2109381888
2017-11-16,28963.77,29094.55,28879.64,29018.76,1547446656
2017-11-17,29214.36,29341.69,29158.49,29199.04,2132085632
2017-11-20,29227.08,29298.41,29089.58,29260.31,1670010368
2017-11-21,29369.69,29818.07,29343.48,29818.07,2543677696
2017-11-22,30087.19,30197.29,29912.83,30003.49,2551472896
2017-11-23,30033.18,30168.04,29594.1,29707.94,2207384832
2017-11-24,29788.18,29918.92,29700.02,29866.32,1581740928
2017-11-27,29857.65,29859.11,29611.78,29686.19,1531165696
2017-11-28,29608.64,29683.82,29334.59,29680.85,1798496896
2017-11-29,29813.94,29831.19,29567,29623.83,1479096576
2017-11-30,29340.27,29353.45,29127.3,29177.35,2510821376
2017-12-01,29261.31,29345.11,29028.76,29074.24,2151217664
2017-12-04,28951.19,29343.78,28803.19,29138.28,1674301184
2017-12-05,28898.58,29124.17,28838.21,28842.8,1483711616
2017-12-06,28850.36,28929.06,28212.17,28224.8,2686014720
2017-12-07,28366.14,28477.51,28134.93,28303.19,1837581312
2017-12-08,28400.01,28705.32,28348.44,28639.85,1801419264
2017-12-11,28645.41,28998.21,28645.41,28965.29,2193563136
2017-12-12,28972.74,29066.54,28746.48,28793.88,2201757184
2017-12-13,28856.78,29274.98,28708.98,29222.1,2653664000
2017-12-14,29335.76,29367.51,29048.89,29166.38,2019902720
2017-12-15,29000.11,29008.17,28738.89,28848.11,2061642240
2017-12-18,28923.53,29143.33,28822.42,29050.41,1688517248
2017-12-19,29193.74,29335.86,29146.1,29253.66,1684043392
2017-12-20,29199.29,29323.7,29161.9,29234.09,1349345536
2017-12-21,29209.64,29431.81,29145.13,29367.06,1485546752
2017-12-22,29505.05,29578.01,29413.86,29578.01,1321798144
2017-12-27,29632.97,29693.26,29517.19,29597.66,1779208192
2017-12-28,29797.15,29873.1,29795.02,29863.71,1381005568
2017-12-29,29914.05,29997.75,29852.97,29919.15,1408011008
2018-01-02,30028.29,30515.31,30028.29,30515.31,2442333440
2018-01-03,30658.73,30724.32,30456.76,30560.95,2380894464
2018-01-04,30691.71,30796.76,30561,30736.48,3088217600
2018-01-05,30893.86,30911.01,30638.53,30814.64,2333948672
2018-01-08,30895.09,30928.85,30733.1,30899.53,2066146944
2018-01-09,30933.51,31056.47,30852.43,31011.41,2066949248
2018-01-10,31009.24,31267.57,30928.58,31073.72,2675634688
2018-01-11,31066.21,31132.65,30950.07,31120.39,1850291840
2018-01-12,31298.05,31412.54,31198.64,31412.54,2399399424
2018-01-15,31702.56,31730.98,31265.25,31338.87,2746540800
2018-01-16,31423.62,31904.75,31423.62,31904.75,3192844544
2018-01-17,31825.52,31983.41,31644.47,31983.41,4122931712
2018-01-18,32148.45,32233.81,31869.7,32121.94,3857216256
2018-01-19,32142.16,32254.89,31988.26,32254.89,2996523264
2018-01-22,32276.96,32417.23,32048.19,32393.41,2969310720
2018-01-23,32606.14,32930.7,32561.8,32930.7,4077083136
2018-01-24,32907.23,33015.76,32728.51,32958.69,4018053632
2018-01-25,32979.38,32998.05,32650.22,32654.45,3557664000
2018-01-26,32836.28,33221.82,32795.06,33154.12,4013043712
2018-01-29,33335.48,33483.23,32897.04,32966.89,3716588288
2018-01-30,32751.72,32976.75,32501.35,32607.29,3275383808
2018-01-31,32435.76,32933.98,32330.39,32887.27,3416758272
2018-02-01,32950.3,33044.47,32642.09,32642.09,2854768128
2018-02-02,32569.01,32778.51,32321.42,32601.78,2650893824
2018-02-05,31715.56,32394.87,31712.02,32245.22,3231974400
2018-02-06,31028.68,31284.49,30580.79,30595.42,5702340096
2018-02-07,31378.35,31472.47,30292.15,30323.2,4763176960
2018-02-08,30555.8,30736.67,30252.14,30451.27,3242351872
2018-02-09,29679.21,29679.21,29129.26,29507.42,5331231232
2018-02-12,29713.08,29801.52,29459.63,29459.63,2902537728
2018-02-13,29850.15,30169,29785.24,29839.53,2792987136
2018-02-14,30024.47,30637.23,29972.07,30515.6,2483145728
2018-02-15,30958.71,31145.1,30816.65,31115.43,2134657792
2018-02-20,31165.29,31338.86,30726.35,30873.63,2096321792
2018-02-21,31050.52,31477.85,30886.08,31431.89,1993654912
2018-02-22,31084.45,31193.51,30930.1,30965.68,2465285376
2018-02-23,31289.08,31386.81,31151.09,31267.17,1718741248
2018-02-26,31528.29,31567.46,31273.95,31498.6,2088238464
2018-02-27,31790.85,31798.98,31141.52,31268.66,2658891008
2018-02-28,31037.41,31061.76,30703.9,30844.72,2482347520
2018-03-01,30476.99,31081.68,30455.17,31044.25,2181721344
2018-03-02,30611.1,30670.53,30477.95,30583.45,3047048448
2018-03-05,30524.26,30679.47,29858.95,29886.39,2350047744
2018-03-06,30380.96,30620.06,30129.8,30510.73,2340621568
2018-03-07,30323.77,30671.7,30117.4,30196.92,2201378816
2018-03-08,30523.68,30723.87,30428.63,30654.52,1576690688
2018-03-09,30858.27,30996.21,30840.8,30996.21,1516236160
2018-03-12,31536.3,31605.35,31342.48,31594.33,2240490496
2018-03-13,31570.2,31709.99,31461.47,31601.45,2177283840
2018-03-14,31321.79,31453.48,31141.85,31435.01,1760396800
2018-03-15,31181.15,31583.38,31121.66,31541.1,1543049728
2018-03-16,31363.03,31564.78,31338.29,31501.97,2417992704
2018-03-19,31370.47,31656.3,31244.62,31513.76,1485406976
2018-03-20,31315.42,31576.05,31183.77,31549.93,1800905856
2018-03-21,31811.98,31978.14,31382.88,31414.52,2380513792
2018-03-22,31575.93,31686.67,31018.44,31071.05,2168591104
2018-03-23,29930.23,30320.31,29930.23,30309.29,3631335424
2018-03-26,30267.07,30548.77,29995.16,30548.77,2388951296
2018-03-27,30869.9,30898.79,30741.81,30790.83,2113253376
2018-03-28,30510.38,30636.68,30022.53,30022.53,2277348864
2018-03-29,30154.18,30252.95,29820.08,30093.38,2234359040
2018-04-03,29927.88,30266.58,29757.52,30180.1,1967672704
2018-04-04,30244.22,30329.08,29518.69,29518.69,1872250112
2018-04-06,29750.24,29980.56,29608.93,29844.94,1750808320
2018-04-09,30104.32,30511.88,29909.51,30229.58,1898218880
2018-04-10,30205.09,30799.63,30164.48,30728.74,2340477952
2018-04-11,30761.23,31021.12,30723.07,30897.71,2362745344
2018-04-12,31094.11,31094.11,30637.52,30831.28,1808739456
2018-04-13,31076.76,31076.76,30707.77,30808.38,1449798528
2018-04-16,30849.72,30849.72,30190.78,30315.59,1884303872
2018-04-17,30354.89,30475.43,30012.7,30062.75,1976169728
2018-04-18,30469.95,30487.17,29979.79,30284.25,2063559552
2018-04-19,30532.95,30761.47,30451,30708.44,2290382080
2018-04-20,30647.94,30848.47,30355.79,30418.33,1712679040
2018-04-23,30327.03,30481.28,30185.04,30254.4,1563646848
2018-04-24,30353.83,30665.1,30342.5,30636.24,1795153664
2018-04-25,30486.86,30507.19,30245.39,30328.15,1726260352
2018-04-26,30378.15,30458.86,29873.84,30007.68,1820054016
2018-04-27,30300.83,30336,30020.1,30280.67,1660751744
2018-04-30,30530.4,30849.64,30484.35,30808.45,1982763648
2018-05-02,30782.21,30824.77,30572.7,30723.88,1693954048
2018-05-03,30405.48,30431.95,30120.37,30313.37,1789931648
2018-05-04,30316.98,30341.46,29859.43,29926.5,1809025536
2018-05-07,30102.06,30138.33,29791.87,29994.26,1485959168
2018-05-08,30123.77,30444.22,30123.77,30402.81,1673820288
2018-05-09,30452.16,30568.51,30346.62,30536.14,1402751872
2018-05-10,30716.97,30851.22,30712.93,30809.22,1582059136
2018-05-11,31151.8,31277.39,31032.62,31122.06,1677822592
2018-05-14,31498.36,31592.56,31430.78,31541.08,1849913984
2018-05-15,31573.18,31573.18,31152.03,31152.03,1615360384
2018-05-16,31014.72,31218.08,30818.78,31110.2,1389729152
2018-05-17,31416.71,31416.71,30942.15,30942.15,1546296192
2018-05-18,31033.97,31147.56,30904.84,31047.91,1775330560
2018-05-21,31232.79,31464.1,31232.79,31234.35,1649097344
2018-05-23,31191.87,31191.87,30665.64,30665.64,2509295872
2018-05-24,30718.66,30788.97,30589.38,30760.41,1627911680
2018-05-25,30664.27,30735.82,30525.74,30588.04,1729415936
2018-05-28,30759.84,30839.3,30530.47,30792.26,1789924864
2018-05-29,30647.26,30709.96,30455.25,30484.58,1709926400
2018-05-30,30109.37,30241.23,29966.66,30056.79,2482271488
2018-05-31,30274.18,30533.05,30148.43,30468.56,4237117184
2018-06-01,30548.78,30579.27,30363.49,30492.91,2864461824
2018-06-04,30836.77,31012.92,30745.99,30997.98,1893422848
2018-06-05,30978.48,31188.93,30896.11,31093.45,1775301760
2018-06-06,31162.02,31330.34,31162.02,31259.1,1510732672
2018-06-07,31464.63,31514.75,31370.29,31512.63,1997904128
2018-06-08,31435.26,31435.26,30874.1,30958.21,1774521984
2018-06-11,31016.52,31134.03,30898.7,31063.7,1364268288
2018-06-12,31029.85,31242.17,30947.69,31103.06,1421641216
2018-06-13,30990.37,31019.25,30690.04,30725.15,1681384960
2018-06-14,30684.07,30772.63,30350.15,30440.17,2194211328
2018-06-15,30411.07,30519.29,30267.16,30309.49,2408736000
2018-06-19,29999.01,30012.04,29332.76,29468.15,3775706112
2018-06-20,29478.46,29944.3,29406.2,29696.17,2304166144
2018-06-21,29764.05,29882.27,29286.97,29296.05,2089393536
2018-06-22,29127.42,29435.74,29089.39,29338.7,2219957504
2018-06-25,29326.12,29400.25,28896.45,28961.39,2371931648
2018-06-26,28881.18,29034.23,28505.5,28881.4,2606590464
2018-06-27,28957.64,28988.83,28343.24,28356.26,2651748096
2018-06-28,28368.01,28567.29,28170.91,28497.32,2648867584
2018-06-29,28463.85,28962.29,28463.85,28955.11,2464071680
2018-07-03,28617,28617,27990.45,28545.57,3384738304
2018-07-04,28543.73,28642.34,28141.76,28241.67,2167194368
2018-07-05,28101.85,28320.9,27833.69,28182.09,1937726336
2018-07-06,28254.37,28549.81,27925.81,28315.62,2080710656
2018-07-09,28606.16,28820.07,28518.52,28688.5,1935977600
2018-07-10,28900.71,28980.76,28682.25,28682.25,1719195264
2018-07-11,28013.72,28365.62,28013.72,28311.69,1929055104
2018-07-12,28260.09,28613.68,28221.34,28480.83,1908171904
2018-07-13,28689.18,28707.47,28500.85,28525.44,1494623360
2018-07-16,28580.96,28696.87,28327,28539.66,1277982336
2018-07-17,28451.5,28460.11,28139.21,28181.68,1753281280
2018-07-18,28352.11,28383.44,28047.92,28117.42,1554230912
2018-07-19,28251.16,28327.84,27998.36,28010.86,1541350400
2018-07-20,28054.76,28293.16,27753.86,28224.48,1779833088
2018-07-23,28298.61,28387.62,28091.06,28256.12,1952120576
2018-07-24,28282.3,28715.46,28282.3,28662.57,1803884288
2018-07-25,28906.97,28963.58,28765.32,28920.9,1682866048
2018-07-26,29083.4,29083.4,28625.33,28781.14,1461956608
2018-07-27,28734.73,28815.73,28572.93,28804.28,1243340032
2018-07-30,28631.05,28837.76,28539.56,28733.13,1269372928
2018-07-31,28663.14,28682.31,28538.39,28583.01,1509867264
2018-08-01,28756.72,28769.69,28224.88,28340.74,1562956800
2018-08-02,28159.01,28218.28,27578.09,27714.56,2050694528
2018-08-03,27751.6,27785.63,27610.58,27676.32,1658252800
2018-08-06,27885.51,28070.85,27730.85,27819.56,1490552704
2018-08-07,27889.44,28266.65,27845.81,28248.88,1601910272
2018-08-08,28473.48,28473.48,28224.91,28359.14,1661495296
2018-08-09,28260.5,28726.87,28209.77,28607.3,1493002240
2018-08-10,28614.73,28665.9,28298.07,28366.62,1324203776
2018-08-13,27956.78,28083.37,27823.21,27936.57,1530262656
2018-08-14,27938.32,27944.01,27530.8,27752.93,1536515072
2018-08-15,27724.72,27724.72,27249.23,27323.59,1972934400
2018-08-16,26871.11,27405.25,26871.11,27100.06,2204340736
2018-08-17,27388.57,27441.09,27104.56,27213.41,1605942272
2018-08-20,27273.78,27605.5,27210.16,27598.02,1712200704
2018-08-21,27670.54,27771.3,27527.37,27752.79,1752041600
2018-08-22,27836.68,27954.52,27579.8,27927.58,1839654656
2018-08-23,28005.33,28045.94,27659.76,27790.46,1507815040
2018-08-24,27565.98,27830.91,27532.54,27671.87,1538397184
2018-08-27,28016.66,28287.67,27959.76,28271.27,2199534592
2018-08-28,28530.89,28577.71,28234.53,28351.62,1702396672
2018-08-29,28362.84,28471.38,28273.76,28416.44,1408051968
2018-08-30,28533.93,28533.93,28122.07,28164.05,1332154752
2018-08-31,27798.21,27961.54,27722.06,27888.55,1982746752
2018-09-03,27809.45,27819.14,27578.02,27712.54,1440080128
2018-09-04,27619.18,27982.73,27564.89,27973.34,1136427520
2018-09-05,27789.02,27856.45,27210.41,27243.85,1972821760
2018-09-06,27069.21,27264.34,26818.82,26974.82,2239249408
2018-09-07,27168.18,27168.18,26670.56,26973.47,2948390656
2018-09-10,26922.27,26922.27,26453.29,26613.42,2109251328
2018-09-11,26611.93,26678.77,26394.87,26422.55,1740440832
2018-09-12,26462.82,26462.82,26222.42,26345.04,2325652992
2018-09-13,26798.39,27014.49,26649.89,27014.49,2408968704
2018-09-14,27229.79,27338.08,27031.49,27286.41,1760020864
2018-09-17,26836.44,26993.39,26763.29,26932.85,1301184896
2018-09-18,26806.42,27155,26701.48,27084.66,1866250496
2018-09-19,27170.02,27487.89,27085.79,27407.37,1932160768
2018-09-20,27605.72,27627.87,27328.11,27477.67,1443083904
2018-09-21,27712.35,27965.16,27539.19,27953.58,2863101184
2018-09-24,27783.85,27783.85,27425.17,27499.39,1557814144
2018-09-26,27606.81,28030.96,27589.37,27816.87,2411114496
2018-09-27,27912.51,27924.91,27638.54,27715.67,1485101056
2018-09-28,27879.06,27927.95,27675.2,27788.52,1687125120
2018-10-02,27716.16,27716.16,27073.14,27126.38,2145648768
2018-10-03,26840.2,27270.16,26840.2,27091.26,1357473280
2018-10-04,27029.4,27029.4,26554.55,26623.87,1962123392
2018-10-05,26503.75,26638.13,26375.92,26572.57,1736203392
2018-10-08,26717.6,26717.6,26188.97,26202.57,2367514112
2018-10-09,26194.17,26366.53,26067.51,26172.91,1798886272
2018-10-10,26281.28,26488.23,26193.07,26193.07,1772310784
2018-10-11,25392.9,25437.85,25128.28,25266.37,3186027264
2018-10-12,25401.41,25827.78,25286.86,25801.49,2164240640
2018-10-15,25683.59,25683.59,25401.07,25445.06,1664833536
2018-10-16,25586.16,25708.49,25266.54,25462.26,1512630528
2018-10-18,25674.66,25674.66,25262.76,25454.55,1819304192
2018-10-19,25172.03,25743.19,25090.73,25561.4,2100898688
2018-10-22,25668.33,26232.85,25668.33,26153.15,2291558969
2018-10-23,26015.49,26015.49,25319.45,25346.55,1827744305
2018-10-24,25401.17,25653.36,25196.32,25249.78,2023457229
2018-10-25,24766.72,24994.46,24658.37,24994.46,2359416707
2018-10-26,25031.49,25045.16,24603.94,24717.63,1740614031
2018-10-29,24955.79,24955.79,24607.87,24812.04,2062872095
2018-10-30,24765.12,24936.03,24540.63,24585.53,2165347882
2018-10-31,24752.83,24979.69,24700.11,24979.69,2436169610
2018-11-01,25228.75,25535.12,25192.81,25416,2244301609
2018-11-02,25416,26486.35,25416,26486.35,3627813159
2018-11-05,26050.34,26137.06,25751.17,25934.39,1676984919
2018-11-06,26062.24,26159.83,25826.69,26120.96,1611250649
2018-11-07,26125.09,26530.79,25922.15,26147.69,1784832404
2018-11-08,26491.27,26491.27,26143,26227.72,1705800439
2018-11-09,25925.09,25925.09,25477.12,25601.92,1896699555
2018-11-12,25576.28,25765.96,25506.41,25633.18,1207400790
2018-11-13,25092.3,25792.87,25092.3,25792.87,1742257107
2018-11-14,25874.36,25874.36,25489.86,25654.43,1475951820
2018-11-15,25694.91,26127.14,25694.91,26103.34,1581914831
2018-11-16,26041.56,26195,25852.06,26183.53,1371158941
2018-11-19,26278.87,26397.39,26146.39,26372,1360866399
2018-11-20,26043.51,26127.54,25776.22,25840.34,1243092776
2018-11-21,25496.85,25994.76,25496.44,25971.47,1440642814
2018-11-22,26139.39,26139.39,25873.61,26019.41,1042251108
2018-11-23,25950.07,25977.83,25808.53,25927.68,904187149
2018-11-26,26099.35,26409.83,26032.56,26376.18,1661837297
2018-11-27,26345.37,26414.43,26158.97,26331.96,1437483298
2018-11-28,26406.68,26705.3,26333.39,26682.56,1459045185
2018-11-29,26904.21,26912.96,26402.5,26451.03,1515044864
2018-11-30,26506.09,26683.25,26401.1,26506.75,2062696787
2018-12-03,27185.66,27257.23,27006.83,27182.04,2628559985
2018-12-04,27119.19,27260.44,26984.71,27260.44,1938642587
2018-12-05,26745.69,26914.87,26745.69,26819.68,1372081850
2018-12-06,26349.42,26369.22,26016.09,26156.38,2123180628
2018-12-07,26249.81,26272.45,26055.78,26063.76,2811333530
2018-12-10,25794.95,25843,25578.42,25752.38,1592046020
2018-12-11,25623.4,25860.4,25623.4,25771.67,1227767600
2018-12-12,26054.01,26238.73,26014.37,26186.71,1429660561
2018-12-13,26417.89,26581.93,26317.18,26524.35,1801273300
2018-12-14,26219,26219,26062.96,26094.79,1385942361
2018-12-17,26178.04,26183.9,26003.37,26087.98,1068947715
2018-12-18,25903.98,26150.58,25713.5,25814.25,1494277596
2018-12-19,25860.68,25922.81,25784.09,25865.39,1474413922
2018-12-20,25723.53,25857.83,25416.88,25623.53,1770989999
2018-12-21,25512.3,25804.9,25314.43,25753.42,1995153520
2018-12-24,25515.4,25651.38,25423.7,25651.38,1107340255
2018-12-27,25818.81,25920.63,25449,25478.88,1353671698
2018-12-28,25502.34,25600.25,25416.66,25504.2,1262777732
2018-12-31,25732.52,25916.23,25683.03,25845.7,852069412
2019-01-02,25824.44,25824.44,25055.27,25130.35,1717852016
2019-01-03,25077.68,25262.21,24903.87,25064.36,1527104781
2019-01-04,24946.12,25626.03,24927.96,25626.03,1761414501
2019-01-07,26015.84,26043.64,25753.46,25835.7,1491845688
2019-01-08,25852.5,25960.13,25690.8,25875.45,1627016178
2019-01-09,26237.29,26596.62,26193.74,26462.32,2763806213
2019-01-10,26391.78,26587.55,26212.99,26521.43,1999014257
2019-01-11,26692.02,26692.02,26494.86,26667.27,1855003956
2019-01-14,26559.68,26567.42,26198.37,26298.33,1470120957
2019-01-15,26518.62,26833.33,26429.73,26830.29,1879280409
2019-01-16,26702.93,26903.09,26567.8,26902.1,1767924152
2019-01-17,26953.21,27011.6,26704.31,26755.63,1918083496
2019-01-18,26993.44,27114.19,26920.07,27090.81,1745053484
2019-01-21,27134.27,27323.61,27087.63,27196.54,1690736844
2019-01-22,27189.4,27222.26,26856.65,27005.45,1627267688
2019-01-23,26879.91,27131.22,26879.91,27008.2,1424741621
2019-01-24,27075.37,27120.98,26892.12,27120.98,1364672278
2019-01-25,27282.88,27569.19,27218.58,27569.19,2335016330
2019-01-28,27695.81,27789.25,27463.73,27576.96,1757882824
2019-01-29,27397.54,27575.37,27328.52,27531.68,1878183494
2019-01-30,27571.41,27642.85,27373.84,27642.85,1878241924
2019-01-31,27842.05,28009.89,27775.86,27942.47,2294105798
2019-02-01,28193.28,28193.28,27804.07,27930.74,1721357592
2019-02-04,27985.42,28003.71,27848.41,27990.21,833052939
2019-02-08,27708.13,28006.2,27534.2,27946.32,1574917056
2019-02-11,27927.45,28143.84,27849.87,28143.84,1426889191
2019-02-12,28093.31,28219.59,27984.2,28171.33,1538682018
2019-02-13,28184.87,28532,28165.6,28497.59,1990492490
2019-02-14,28396.4,28476.21,28277.15,28432.05,1478066913
2019-02-15,28241.44,28250.83,27849.19,27900.84,1836593188
2019-02-18,28186.75,28412.08,28186.75,28347.01,1597879946
2019-02-19,28440.49,28488.32,28209.82,28228.13,1704254622
2019-02-20,28404.68,28598.13,28358.74,28514.05,1988357776
2019-02-21,28450,28757.41,28367.96,28629.92,1870639482
2019-02-22,28478.96,28816.3,28433.61,28816.3,1759268671
2019-02-25,28975.52,29006.74,28765.67,28959.3,3626775726
2019-02-26,28971.23,28971.23,28704.31,28772.06,2843492676
2019-02-27,28833.16,29013.17,28701.47,28757.44,2451963102
2019-02-28,28719.71,28917.49,28571.7,28633.18,2151230353
2019-03-01,28716.6,28859.92,28663.71,28812.17,1986639594
2019-03-04,28855.11,29236.29,28760.67,28959.59,2765926492
2019-03-05,28823.16,29025.72,28736.57,28961.6,2011980877
2019-03-06,29003.25,29118.97,28940.49,29037.6,1849994715
2019-03-07,28965.42,29007.07,28774.11,28779.45,1744322971
2019-03-08,28409.14,28533.32,28203.43,28228.42,3091752173
2019-03-11,28265.85,28511.1,28240.78,28503.3,1572716332
2019-03-12,28760.27,28938.99,28737.74,28920.87,1918047245
2019-03-13,28924.28,28924.28,28690.37,28807.45,1219681343
2019-03-14,28891.06,28932.47,28696.31,28851.39,1433219807
2019-03-15,28843.86,29200.94,28828.26,29012.26,2035638191
2019-03-18,29112.44,29409.01,29038.74,29409.01,1946197160
2019-03-19,29419.14,29483.65,29321.07,29466.28,1801708528
2019-03-20,29357.19,29434.15,29252.61,29320.97,1629410776
2019-03-21,29387.75,29446.77,29051.85,29071.56,1804817246
2019-03-22,29173.33,29241.72,28847.36,29113.36,1794535167
2019-03-25,28501.37,28701.81,28463.11,28523.35,2155795783
2019-03-26,28677.76,28699.65,28438.47,28566.91,1450128688
2019-03-27,28564.71,28781.63,28551.65,28728.25,1521171809
2019-03-28,28663.2,28814.9,28559.07,28775.21,1631009894
2019-03-29,28812.64,29099.3,28764.55,29051.36,2778580403
2019-04-01,29383.72,29612.23,29383.72,29562.02,2551971397
2019-04-02,29736.99,29736.99,29534.42,29624.67,1915944822
2019-04-03,29785.27,29998.42,29717.28,29986.39,2081891319
2019-04-04,29950.42,30050.91,29769.16,29936.32,1911822202
2019-04-08,30119.58,30185.06,29916.24,30077.15,2392795541
2019-04-09,30065.99,30216.42,30019.28,30157.49,2112736126
2019-04-10,30052.27,30139.61,29892.62,30119.56,1870169461
2019-04-11,30138.14,30182.55,29784.84,29839.45,1955829112
2019-04-12,29806.35,29909.76,29696.59,29909.76,1608960830
2019-04-15,30119.85,30278.2,29810.72,29810.72,2072822940
2019-04-16,29754.3,30139.15,29666.9,30129.87,2624929372
2019-04-17,30160.69,30177.64,30006.94,30124.68,2098090043
2019-04-18,30088.65,30098.67,29904.36,29963.26,1618485188
2019-04-23,29782.95,30055.94,29755.87,29963.24,2068274566
2019-04-24,30112.19,30112.19,29684.3,29805.83,1803079103
2019-04-25,29667.52,29848.94,29535.35,29549.8,1695343468
2019-04-26,29513.08,29669.85,29505.2,29605.01,1454640921
2019-04-29,29730.85,29917.11,29639.38,29892.81,1289399173
2019-04-30,29828.15,29852.57,29621.44,29699.11,1401054795
2019-05-02,29643.05,29963.11,29643.05,29944.18,1339079006
2019-05-03,29818.48,30081.55,29680.9,30081.55,1255039734
2019-05-06,29342.38,29378.78,28960.42,29209.82,3024810087
2019-05-07,29426.78,29480.04,29156.94,29363.02,2059448920
2019-05-08,28987.09,29251.03,28949.3,29003.2,2250311290
2019-05-09,28839.35,28889.67,28292.52,28311.07,2997137838
2019-05-10,28462.34,28833.45,28207.55,28550.24,2496371129
2019-05-14,27951.12,28205.88,27925.65,28122.02,2964186839
2019-05-15,28171.32,28440.7,28171.32,28268.71,2314319659
2019-05-16,28174.3,28375.73,28131.25,28275.07,2445739664
2019-05-17,28428,28428,27914.7,27946.46,1981630846
2019-05-20,27959.23,27999.6,27699.41,27787.61,2330379928
2019-05-21,27671.4,27913.18,27598.06,27657.24,2298133215
2019-05-22,27753.54,27826.29,27642.81,27705.94,1758560216
2019-05-23,27505.53,27505.53,27170.37,27267.13,2288057661
2019-05-24,27368.68,27457.59,27291.94,27353.93,1728910812
2019-05-27,27239.08,27369.62,27107.56,27288.09,1303357221
2019-05-28,27274.83,27487.8,27234.56,27390.81,3137846933
2019-05-29,27226.95,27428.52,27179.82,27235.71,2306050502
2019-05-30,27319.25,27319.25,27024.19,27114.88,1942290937
2019-05-31,27002.96,27153.46,26853.82,26901.09,1886047347
2019-06-03,26909.71,26965.43,26739.1,26893.86,1769321167
2019-06-04,26994.08,26994.08,26673.23,26761.52,1574913420
2019-06-05,27116.08,27116.08,26805.97,26895.44,1952757597
2019-06-06,26935.87,26983.81,26840.53,26965.28,1651470618
2019-06-10,27206.61,27604.44,27155.3,27578.64,2342607763
2019-06-11,27677.06,27857.85,27577.91,27789.34,1881134016
2019-06-12,27603.12,27603.12,27222.4,27308.46,1924622900
2019-06-13,27217.72,27294.71,26827.69,27294.71,1903405324
2019-06-14,27180.74,27274.5,27051.75,27118.35,2093900515
2019-06-17,27252.45,27501.03,27227.16,27227.16,1533264632
2019-06-18,27289.7,27582.53,27201.13,27498.77,1598571852
2019-06-19,28224.87,28224.87,28023.1,28202.14,2140268338
2019-06-20,28308.85,28561.55,28268.57,28550.43,1876479428
2019-06-21,28581.51,28581.51,28359.25,28473.71,2239069422
2019-06-24,28400.63,28633.73,28358.06,28513,1380240405
2019-06-25,28447.96,28467.49,28072.44,28185.98,1909262048
2019-06-26,28106.15,28261.7,28104.67,28221.98,1475672374
2019-06-27,28352.94,28621.42,28287.34,28621.42,1731853092
2019-06-28,28632.59,28632.59,28418.04,28542.62,1532668003
2019-07-02,28933.24,28959.06,28823.95,28875.56,2175703765
2019-07-03,28781.97,28891.74,28722.91,28855.14,1331238686
2019-07-04,28891.97,29005.21,28776.48,28795.77,957164610
2019-07-05,28785.53,28880.58,28715.47,28774.83,873112937
2019-07-08,28513.14,28541.1,28196.36,28331.69,1289561113
2019-07-09,28299.73,28312.68,28085.88,28116.28,1256159781
2019-07-10,28245.09,28311.78,28144.87,28204.69,1044342383
2019-07-11,28347.86,28582.69,28347.86,28431.8,1100073087
2019-07-12,28401.87,28601.86,28399.66,28471.62,1241745071
2019-07-15,28303.36,28567.25,28071.91,28554.88,1357851953
2019-07-16,28583.93,28632.39,28490.52,28619.62,1056373065
2019-07-17,28463.77,28593.17,28377.48,28593.17,979836246
2019-07-18,28393.04,28510.33,28380.58,28461.66,953646693
2019-07-19,28773.11,28809.04,28720.74,28765.4,1300012706
2019-07-22,28612.28,28646.2,28303.55,28371.26,1139058191
2019-07-23,28392.04,28487.15,28313.79,28466.48,979411559
2019-07-24,28578.14,28763.21,28518.11,28524.04,1109094719
2019-07-25,28575.49,28627.58,28519.38,28594.3,1004396528
2019-07-26,28406.07,28487.26,28342.99,28397.74,1361546339
2019-07-29,28262.8,28301.62,27946.54,28106.41,1611930228
2019-07-30,28059.82,28274.65,28059.82,28146.5,1183052551
2019-07-31,27931.28,27937.67,27701.44,27777.75,1326891067
2019-08-01,27582.21,27751.41,27500,27565.7,1790148465
2019-08-02,26950.53,27041.47,26871.43,26918.58,2389287782
2019-08-05,26480.47,26502.61,26088.48,26151.32,2186335375
2019-08-06,25472.43,26041.83,25398.73,25976.24,2836976290
2019-08-07,25977.72,26025.44,25742.27,25997.03,1723025751
2019-08-08,25999.45,26314.19,25999.45,26120.77,1709412335
2019-08-09,26278.92,26308.24,25939.3,25939.3,1399605103
2019-08-12,25869.48,26067.32,25824.72,25824.72,1200393591
2019-08-13,25536.62,25612.51,25270.91,25281.3,1979089845
2019-08-14,25711.1,25716.11,25197.38,25302.28,1915522853
2019-08-15,24945.74,25550.52,24901,25495.46,2145864637
2019-08-16,25484.96,25798.11,25318.43,25734.22,2022477533
2019-08-19,25994.8,26351.63,25994.8,26291.84,2144882693
2019-08-20,26256.54,26345.28,26151.87,26231.54,1822936053
2019-08-21,26160.54,26315.16,26078.24,26270.04,1701479201
2019-08-22,26272.91,26288.24,25977.67,26048.72,1780728377
2019-08-23,26057.88,26239.28,25940.44,26179.33,1621440888
2019-08-26,25322,25690.74,25252.83,25680.33,2475604927
2019-08-27,25715.98,25762.47,25582.1,25664.07,2214167205
2019-08-28,25767.08,25825.1,25598.53,25615.48,1462114415
2019-08-29,25606.33,25709.52,25374.08,25703.5,1784869120
2019-08-30,26011.64,26011.64,25542.01,25724.73,2017892036
2019-09-02,25627.83,25662.31,25504.12,25626.55,1295066717
2019-09-03,25546.32,25730.77,25500.82,25527.85,1149210165
2019-09-04,25675.16,26648.99,25675.16,26523.23,2688524631
2019-09-05,26512.86,26697.23,26284.63,26515.53,1996619131
2019-09-06,26773.13,26790.31,26564,26690.76,1895344741
2019-09-09,26743.36,26807.86,26612.46,26681.4,1700948265
2019-09-10,26831.98,26867.42,26635.06,26683.68,1738020271
2019-09-11,26790.64,27159.06,26705.63,27159.06,2072246237
2019-09-12,27283.98,27283.98,26967.25,27087.63,1337046873
2019-09-13,27154.51,27366.1,27076,27352.69,1176496307
2019-09-16,27212.89,27212.89,26978.08,27124.55,2189101490
2019-09-17,26942.96,26942.96,26697.1,26790.24,1850715128
2019-09-18,26838.43,26889.67,26733.52,26754.12,1372644128
2019-09-19,26820.73,26820.73,26375.89,26468.95,1330417028
2019-09-20,26532.88,26558.37,26412.15,26435.67,1972985771
2019-09-23,26463.62,26483.03,26186.01,26222.4,1285452884
2019-09-24,26230.17,26391.98,26230.17,26281,2089366010
2019-09-25,26162.71,26190.56,25920.33,25945.35,1762622345
2019-09-26,26075.15,26097.88,25917.58,26041.93,1700238573
2019-09-27,25977.98,26017.14,25841.14,25954.81,984279479
2019-09-30,25844.71,26161.7,25795.53,26092.27,1343934750
2019-10-02,25891.65,26091.65,25826.79,26042.69,1202153826
2019-10-03,25831.44,26192.87,25810.51,26110.31,1142350982
2019-10-04,26169.51,26169.51,25615.23,25821.03,1137243673
2019-10-08,25848.73,26179.47,25765.26,25893.4,1779110403
2019-10-09,25736.88,25866.84,25657.66,25682.81,1588334472
2019-10-10,25625.57,25808.34,25523.95,25707.93,1434231595
2019-10-11,25986.82,26389.28,25980.15,26308.44,2030977911
2019-10-14,26520.93,26636.93,26386.41,26521.85,2096251831
2019-10-15,26521.85,26609.13,26435.07,26503.93,1569211495
2019-10-16,26553.9,26698.56,26432.43,26664.28,1689389098
2019-10-17,26809.04,26956.32,26729.51,26848.49,1403839317
2019-10-18,26910.55,26985.08,26651.86,26719.58,1541856119
2019-10-21,26715.22,26818.44,26659.76,26725.68,1045151483
2019-10-22,26813.81,26844.29,26702.17,26786.2,1496851432
2019-10-23,26771.98,26816.02,26493.28,26566.73,1270778589
2019-10-24,26651.03,26807.87,26592.18,26797.95,1496728959
2019-10-25,26795.64,26795.64,26621.61,26667.39,1151226182
2019-10-28,26770.11,27004.74,26768.84,26891.26,1476176245
2019-10-29,27027.56,27027.56,26731.43,26786.76,1515348671
2019-10-30,26766.98,26808.25,26607.07,26667.71,1554112015
2019-10-31,26708.45,27006.23,26708.45,26906.72,1907593964
2019-11-01,26806.44,27101.04,26803.45,27100.76,1421451493
2019-11-04,27299.88,27547.3,27299.88,27547.3,1777502775
2019-11-05,27601.1,27731.14,27463.66,27683.4,1748633349
2019-11-06,27636.33,27750.91,27547.77,27688.64,1316670919
2019-11-07,27690.6,27896.2,27539.55,27847.23,1353594558
2019-11-08,27894.56,27894.56,27582.74,27651.14,1491797350
2019-11-11,27361.41,27361.41,26834.52,26926.55,1921659930
2019-11-12,27064.26,27076.5,26796.13,27065.28,1149626229
2019-11-13,26761.16,26761.16,26467.78,26571.46,1855002887
2019-11-14,26444.23,26605.96,26206.24,26323.69,1554697796
2019-11-15,26529.95,26543.01,26301.06,26326.66,1180282656
2019-11-18,26442.39,26698.16,26409.32,26681.09,1425323110
2019-11-19,26671.32,27093.8,26637.17,27093.8,1542578763
2019-11-20,26936.79,26960.86,26804.35,26889.61,1333243666
2019-11-21,26587.59,26587.59,26306.02,26466.88,1712162290
2019-11-22,26523.93,26595.08,26488.25,26595.08,1100431924
2019-11-25,26873.35,27111.54,26853.24,26993.04,1497175857
2019-11-26,27183.9,27225.45,26913.92,26913.92,2416392108
2019-11-27,26943.52,26974.28,26872.17,26954,1133748229
2019-11-28,26950.79,26954.76,26872.42,26893.73,998841926
2019-11-29,26705.38,26705.38,26308.1,26346.49,2004856753
2019-12-02,26475.34,26510.57,26393.1,26444.72,1348911801
2019-12-03,26315.97,26424.12,26066.07,26391.3,1795451782
2019-12-04,26071.39,26182.94,26002.73,26062.56,1502327880
2019-12-05,26300.51,26300.51,26134.06,26217.04,1228026626
2019-12-06,26345.2,26520.07,26313.98,26498.37,1644211097
2019-12-09,26513.97,26615.76,26433.13,26494.73,1301819852
2019-12-10,26378.99,26526.2,26356.4,26436.62,956293283
2019-12-11,26480.34,26659.98,26461.65,26645.43,1409589228
2019-12-12,26837.94,27045.25,26837.94,26994.14,1451721913
2019-12-13,27494.51,27687.76,27407.09,27687.76,2212195461
2019-12-16,27530.5,27715.93,27473.9,27508.09,1421412616
2019-12-17,27630.69,27894.1,27566.51,27843.71,1926224541
2019-12-18,27946.74,27970.54,27777.47,27884.21,1842227388
2019-12-19,27908.78,27908.78,27676.27,27800.49,1296810161
2019-12-20,27834.55,27957.57,27743.5,27871.35,1680024380
2019-12-23,28024.62,28024.62,27830.08,27906.41,1216833977
2019-12-24,27901.51,27912.68,27793.3,27864.21,483984137
2019-12-27,28033.66,28225.42,28003.71,28225.42,1375016054
2019-12-30,28342.14,28418.65,28290.88,28319.39,1420447390
2019-12-31,28241.43,28293.54,28125.74,28189.75,873713884
2020-01-02,28249.37,28543.52,28249.37,28543.52,1262732826
2020-01-03,28828.36,28878.9,28430.98,28451.5,1797904797
2020-01-06,28326.5,28367.87,28056.72,28226.19,1793426572
2020-01-07,28352.68,28471.75,28270.23,28322.06,1302687151
2020-01-08,27999.58,28198.61,27857.73,28087.92,1709241647
2020-01-09,28367.65,28561,28330.34,28561,1692786152
2020-01-10,28665.14,28665.14,28506.25,28638.2,1448401020
2020-01-13,28772.37,28968.43,28673.62,28954.94,1765055670
2020-01-14,29149.53,29149.53,28792.16,28885.14,1643504703
2020-01-15,28891.07,28971.99,28619.32,28773.59,1240120709
2020-01-16,28806.12,28986.34,28710.12,28883.04,1620926206
2020-01-17,28988.16,29099.95,28813.2,29056.42,1545082793
2020-01-20,29169.12,29169.12,28795.91,28795.91,1633383855
2020-01-21,28449.38,28463.09,27980.5,27985.33,2236521728
2020-01-22,28116.5,28393.77,27938.76,28341.04,1343288068
2020-01-23,28109.75,28131.28,27709.75,27909.12,1753263015
2020-01-24,27935.42,27976.11,27776.28,27949.64,612128707
2020-01-29,27101.54,27331.95,27101.54,27160.63,2203836097
2020-01-30,27030.61,27134.55,26330.05,26449.13,2223567779
2020-01-31,26757.61,26815.55,26299.22,26312.63,1874255198
2020-02-03,26189.61,26508.67,26149.03,26356.98,2421482700
2020-02-04,26491.66,26730.26,26491.66,26675.98,2500238139
2020-02-05,26869.32,26924.54,26642.18,26786.74,2498930836
2020-02-06,27174.53,27601.4,27034.52,27493.7,2249533855
2020-02-07,27356.28,27409.2,27224.82,27404.27,1464514660
2020-02-10,27092.15,27309.96,27044.88,27241.34,1612017904
2020-02-11,27514.25,27673.61,27436.99,27583.88,1868625406
2020-02-12,27717.22,27891.09,27621.52,27823.66,1796561176
2020-02-13,27953.65,27953.65,27695.6,27730,1617010210
2020-02-14,27945.99,27959.72,27786.95,27815.6,1445335917
2020-02-17,27766.71,28055.58,27766.71,27959.6,1412999202
2020-02-18,27583.5,27619.48,27497.68,27530.2,1592221421
2020-02-19,27486.46,27697.46,27456.57,27655.81,1471538124
2020-02-20,27767.28,27767.28,27383.13,27609.16,1582073061
2020-02-21,27450.46,27482.64,27269.31,27308.81,1773613419
2020-02-24,27105.35,27105.35,26813.22,26820.88,2044656983
2020-02-25,26745.54,26914.05,26667.85,26893.23,1924042930
2020-02-26,26479.9,26775.33,26479.9,26696.49,2039154259
2020-02-27,26529.17,26848.67,26424.15,26778.62,2110369713
2020-02-28,26107.01,26188.26,25989.76,26129.93,3191426245
2020-03-02,26077.73,26375.91,26077.73,26291.68,2201535561
2020-03-03,26419.13,26527.27,26236.13,26284.82,2136294981
2020-03-04,26219.28,26372.48,26209.12,26222.07,1957062398
2020-03-05,26348.16,26801.7,26317.29,26767.87,2522843181
2020-03-06,26397.78,26401.74,26085.13,26146.67,2646519330
2020-03-09,25134.02,25317.04,24948.38,25040.46,4677892412
2020-03-10,25285.68,25577.3,24980.33,25392.51,3225661121
2020-03-11,25459.96,25491.56,25143.22,25231.61,2627625602
2020-03-12,24318.08,24443.92,24254.59,24309.07,3748928390
2020-03-13,22519.32,24184.48,22519.32,24032.91,5495155710
2020-03-16,23317.81,23631.53,22845.66,23063.57,4067029286
2020-03-17,23001.76,23401.2,22676.46,23263.73,3637973673
2020-03-18,23392.29,23409.49,22173.48,22291.82,4217153569
2020-03-19,22221.38,22380.34,21139.26,21709.13,5628397620
2020-03-20,22147.34,22805.07,22147.34,22805.07,4528187862
2020-03-23,21659.55,22062.19,21659.55,21696.13,3478982721
2020-03-24,22497.57,22750.79,22383.25,22663.49,3614066708
2020-03-25,23204.6,23569,23071.1,23527.19,3605374914
2020-03-26,23604.83,23604.83,23169.27,23352.34,2519508132
2020-03-27,23768.41,23791.2,23355.58,23484.28,2199674265
2020-03-30,23112.06,23487.04,23045.82,23175.11,2553435875
2020-03-31,23613.27,23627.53,23240.78,23603.48,2876326641
2020-04-01,23520.12,23528.36,22947.64,23085.79,2879977573
2020-04-02,22838.67,23280.06,22756.78,23280.06,2560937444
2020-04-03,23072.95,23236.11,23030.58,23236.11,1870630600
2020-04-06,23558.83,23832.62,23277.98,23749.12,1834036580
2020-04-07,24093.05,24260.16,23797.79,24253.29,2535034626
2020-04-08,24191.32,24191.32,23899.69,23970.37,1840854086
2020-04-09,24181.32,24307.82,24045.18,24300.33,1725334583
2020-04-14,24451.77,24542.81,24388.87,24435.4,2050447774
2020-04-15,24538.39,24540.5,24093.2,24145.34,1906625219
2020-04-16,24025.45,24100.33,23855.78,24006.45,1865473398
2020-04-17,24457.83,24664.91,24311.36,24380,1937579028
2020-04-20,24503.56,24503.56,24225.55,24330.02,1375091599
2020-04-21,24247.84,24247.84,23676.13,23793.55,2160661661
2020-04-22,23566.75,23936.99,23529.99,23893.36,1668362448
2020-04-23,23983.65,24107.03,23808.31,23977.32,1814344811
2020-04-24,23844.55,23957.17,23730.49,23831.33,1301664919
2020-04-27,24030.66,24317.34,24030.66,24280.14,1592712968
2020-04-28,24401.12,24581.41,24181.86,24575.96,1687557302
2020-04-29,24786.02,24849,24551.44,24643.59,1648009034
2020-05-04,23895.11,23895.11,23586.1,23613.8,2556774016
2020-05-05,23755.77,23927.28,23701.65,23868.66,1332967266
2020-05-06,23868.02,24234.36,23868.02,24137.48,1885587057
2020-05-07,24120.81,24120.81,23913.5,23980.63,1317060012
2020-05-08,24193.36,24263,24097.12,24230.17,1274113185
2020-05-11,24470.18,24766.41,24470.18,24602.06,1458200044
2020-05-12,24240.45,24280.44,24157.14,24245.68,1479628594
2020-05-13,24111.67,24320.2,23983.87,24180.3,1359038454
2020-05-14,24038.07,24072.46,23792.04,23829.74,1697720844
2020-05-15,23834.68,23984.97,23673.09,23797.47,1509478627
2020-05-18,23736.67,23951.7,23725.88,23934.77,1645114667
2020-05-19,24440.38,24476.33,24314.51,24388.13,2022987457
2020-05-20,24437.66,24438.16,24317.61,24399.95,1432021317
2020-05-21,24340.64,24442.87,24208.79,24280.03,1474345019
2020-05-22,23756.91,23756.91,22890.02,22930.14,3680989144
2020-05-25,22725.7,22960.39,22526.63,22952.24,1769029035
2020-05-26,23357.96,23481.48,23294.71,23384.66,1421148237
2020-05-27,23515.14,23515.14,23135.21,23301.36,1837146075
2020-05-28,23206.75,23449.26,22779.62,23132.76,2356792576
2020-05-29,22781.11,23087.75,22781.11,22961.47,3621411992
2020-06-01,23665.44,23800.78,23640.17,23732.52,2569148756
2020-06-02,23792.24,23995.94,23766.15,23995.94,1813293883
2020-06-03,24303.56,24364.01,24223.8,24325.62,2455118297
2020-06-04,24643.84,24643.84,24205.17,24366.3,1888873460
2020-06-05,24327.6,24803.96,24319.75,24770.41,2397618341
2020-06-08,25018.05,25018.78,24678.55,24776.77,2123439459
2020-06-09,24906.01,25249.88,24838.65,25057.22,2203396488
2020-06-10,25179.03,25301.24,24970.55,25049.73,1971349186
2020-06-11,24997.84,25058.88,24480.15,24480.15,1838958237
2020-06-12,23920.7,24314.43,23905.84,24301.38,1824519618
2020-06-15,24139.82,24242.03,23685.34,23776.95,2104538293
2020-06-16,24318.15,24532.2,24303.35,24344.09,1611589853
2020-06-17,24363.39,24532.01,24195.82,24481.41,1278279324
2020-06-18,24386.31,24464.94,24122.04,24464.94,1811327060
2020-06-19,24373.36,24776.24,24334.36,24643.89,2390285738
2020-06-22,24528.53,24628.25,24391.79,24511.34,1612294199
2020-06-23,24571.74,24907.34,24529.28,24907.34,1551543393
2020-06-24,25034.87,25071.32,24770.95,24781.58,1433803621
2020-06-26,24697.98,24756.58,24538.22,24549.99,1513848763
2020-06-29,24373.51,24477.99,24148.62,24301.28,1840817694
2020-06-30,24468.24,24597.46,24271.77,24427.19,1895747962
2020-07-02,24762.06,25124.19,24740.24,25124.19,2754171148
2020-07-03,25319.28,25453.58,25184.02,25373.12,2323653878
2020-07-06,25858.23,26453.35,25855.36,26339.16,4892609689
2020-07-07,26571.08,26781.51,25912.67,25975.66,3919540091
2020-07-08,26078.61,26286.61,25857.54,26129.18,2586937366
2020-07-09,26272.97,26280.33,26016.75,26210.16,2452681735
2020-07-10,25931.78,26137.91,25571.13,25727.41,2142150779
2020-07-13,25768.19,26101.58,25739.33,25772.12,2127288779
2020-07-14,25663.16,25663.16,25256.13,25477.89,2180279182
2020-07-15,25888.78,25888.78,25300.64,25481.58,1849317258
2020-07-16,25549.4,25573.64,24926.91,24970.69,1935051748
2020-07-17,25142.06,25263.97,25015.53,25089.17,1362500384
2020-07-20,24847.93,25221.51,24847.93,25057.99,1650620468
2020-07-21,25476.1,25635.66,25406.07,25635.66,1752171923
2020-07-22,25575.25,25777.94,25057.94,25057.94,2390051233
2020-07-23,25235.9,25343.66,24992.37,25263,1905626865
2020-07-24,25069.77,25080.9,24604.94,24705.33,3029706423
2020-07-27,24909.96,24966.02,24528.31,24603.26,1491211036
2020-07-28,24762.4,24851.02,24643.4,24772.76,1358418201
2020-07-29,24710.51,24905.11,24671.51,24883.14,1080335148
2020-07-30,24947.6,25197.31,24616.05,24710.59,1779681925
2020-07-31,24886.22,24887.18,24540.54,24595.35,1763233859
2020-08-03,24566.81,24646.6,24252.9,24458.13,2012723065
2020-08-04,24664.6,25062.41,24541.62,24946.63,1906615858
2020-08-05,25029.39,25163.84,24884.28,25102.54,1477936292
2020-08-06,25201.44,25201.44,24643.52,24930.58,1596206104
2020-08-07,24909.37,24909.37,24171.01,24531.62,1610164742
2020-08-10,24376.82,24535.36,24272.71,24377.43,1256444050
2020-08-11,24662.04,25028.64,24662.04,24890.68,1628363874
2020-08-12,24798.91,25290.32,24701.89,25244.02,1763950130
2020-08-13,25490.02,25490.02,25145.31,25230.67,1761196453
2020-08-14,25072.45,25378.53,25040.55,25183.01,1429766782
2020-08-17,25440.45,25588.67,25339.26,25347.34,1955689108
2020-08-18,25470.97,25470.97,25258.65,25367.38,1534776026
2020-08-19,25359.03,25382.51,25079.25,25178.91,1132238629
2020-08-20,25055.35,25055.35,24621.32,24791.39,1995701493
2020-08-21,25007.13,25178.79,24885.86,25113.84,1210267908
2020-08-24,25490.8,25551.58,25436.06,25551.58,1352263806
2020-08-25,25525.86,25546.12,25353.2,25486.22,1350837432
2020-08-26,25520.41,25603.17,25360.03,25491.79,1319876167
2020-08-27,25296.35,25360.33,25194.49,25281.15,1701268281
2020-08-28,25330.77,25748.76,25259.23,25422.06,2065272580
2020-08-31,25764.71,25830.01,25177.05,25177.05,3195378170
2020-09-01,25224.51,25253.14,25101.44,25184.85,1729451957
2020-09-02,25239.86,25239.86,24934.64,25120.09,2349955808
2020-09-03,25026.99,25216.02,24855,25007.6,2007341078
2020-09-04,24571.28,24813.96,24515.41,24695.45,3393745054
2020-09-07,24621.02,24905.23,24477.19,24589.65,2031804694
2020-09-08,24785.26,24785.26,24343.99,24624.34,2074590971
2020-09-09,24295.42,24519.5,24218.97,24468.93,1749348423
2020-09-10,24584.94,24611.18,24296.98,24313.54,1349477980
2020-09-11,24352.63,24572.25,24299.35,24503.31,1306598928
2020-09-14,24569.03,24749.67,24556.52,24640.28,1091380730
2020-09-15,24621.65,24826.55,24621.65,24732.76,1733769626
2020-09-16,24823.96,24829.87,24638.39,24725.63,1303202119
2020-09-17,24676.41,24711.97,24250.9,24340.85,1630900252
2020-09-18,24381.13,24500.65,24297.69,24455.41,2301812898
2020-09-21,24483.91,24542.55,23928.12,23950.69,1602081461
2020-09-22,23839.67,23907.15,23677.1,23716.85,1553227659
2020-09-23,23701.12,23795.19,23560.35,23742.51,1642933446
2020-09-24,23364.3,23561.03,23225.33,23311.07,1913657534
2020-09-25,23444.82,23490.35,23125.67,23235.42,1794075430
2020-09-28,23284.09,23523.81,23250.34,23476.05,1446839406
2020-09-29,23482.4,23533.63,23258.46,23275.53,1526746647
2020-09-30,23548.89,23779.24,23368.88,23459.05,1453015999
2020-10-05,24039.39,24039.39,23674.52,23767.78,1420427473
2020-10-06,23948.11,24003.63,23886.41,23980.65,1325452223
2020-10-07,23999.79,24243.83,23906.22,24242.86,1537076072
2020-10-08,24263.33,24263.33,24022.02,24193.35,1182030331
2020-10-09,24343.81,24343.81,24059.29,24119.13,1358969518
2020-10-12,24217.25,24701.92,24202.51,24649.68,2430403544
2020-10-14,24808.85,24808.85,24498.94,24667.09,2550042835
2020-10-15,24533.75,24570.28,24105.04,24158.54,2134202771
2020-10-16,24194.41,24456.16,24194.41,24386.79,2697525095
2020-10-19,24712.21,24714.56,24480.3,24542.26,3605537566
2020-10-20,24571.64,24599.35,24458.55,24569.54,1879052006
2020-10-21,24892.02,24894.79,24654.13,24754.42,1929447195
2020-10-22,24696.31,24815.35,24557.88,24786.13,2486871157
2020-10-23,24773.12,24967.12,24683.25,24918.78,2368156696
2020-10-27,24639.81,24829.14,24604.82,24787.19,2435164642
2020-10-28,24773.54,24843.76,24586.95,24708.8,2011940361
2020-10-29,24442.6,24678.9,24437.59,24586.6,1936748965
2020-10-30,24535.9,24598.84,24030.17,24107.42,2537744198
2020-11-02,24274.83,24484.74,24232.82,24460.01,2355413238
2020-11-03,24689.56,25048.53,24689.56,24939.73,2244352956
2020-11-04,24906.07,25060.03,24815.51,24886.14,2305561526
2020-11-05,25469.85,25695.92,25467.84,25695.92,2617491993
2020-11-06,25697.26,25721.49,25540.98,25712.97,2370475999
2020-11-09,26157.77,26172.13,25952.08,26016.17,2350101524
2020-11-10,26474.04,26474.04,26045.45,26301.48,3847144110
2020-11-11,26226.8,26427.87,26168.63,26226.98,4120773728
2020-11-12,26409.34,26458.03,26072.85,26169.38,2679020464
2020-11-13,26114.6,26156.86,25909.18,26156.86,2435105049
2020-11-16,26362.07,26394.4,26191.54,26381.67,2105376291
2020-11-17,26515.09,26528.43,26339.88,26415.09,2411319683
2020-11-18,26434.24,26614.45,26344.86,26544.29,2315631542
2020-11-19,26460.61,26460.61,26311.64,26356.97,2427815474
2020-11-20,26539.79,26556.91,26399.99,26451.54,2163136712
2020-11-23,26659.79,26659.79,26371.42,26486.2,2248788168
2020-11-24,26486.03,26588.2,26470.72,26588.2,2034390792
2020-11-25,26819.96,27038.52,26592.42,26669.75,2885054174
2020-11-26,26695.25,26819.45,26614.59,26819.45,1991160712
2020-11-27,26758.49,27008.34,26708.87,26894.68,2743944533
2020-11-30,26853.39,26955.27,26325.2,26341.49,5742060138
2020-12-01,26552.66,26660.93,26498.25,26567.68,3564238947
2020-12-02,26529.66,26587.76,26437.45,26532.58,3704087375
2020-12-03,26623.42,26780.05,26557.86,26728.5,2830413945
2020-12-04,26696.51,26835.92,26668.13,26835.92,3205350210
2020-12-07,26870.58,26870.58,26258.66,26506.85,2806021239
2020-12-08,26460.35,26460.35,26271.86,26304.56,2542680333
2020-12-09,26510.42,26665.64,26445.7,26502.84,2537716242
2020-12-10,26376.72,26415.74,26329.06,26410.59,2000568856
2020-12-11,26509.69,26549.07,26443.9,26505.87,2497420413
2020-12-14,26481.17,26501.05,26318.11,26389.52,2210976712
2020-12-15,26418.93,26430.28,26131.11,26207.29,2587144435
2020-12-16,26421.21,26507.69,26318.74,26460.29,2043444542
2020-12-17,26487.25,26678.38,26475.32,26678.38,2262422806
2020-12-18,26478.94,26510.78,26363.42,26498.6,3080026713
2020-12-21,26422.62,26498.65,26277.2,26306.68,2044977261
2020-12-22,26260.78,26364.98,25999.74,26119.25,1747533873
2020-12-23,26083.11,26343.1,26074.36,26343.1,2009461773
2020-12-24,26342.87,26468.9,26230.75,26386.56,1297802961
2020-12-28,26288.37,26514.08,26266.91,26314.63,2669629557
2020-12-29,26490.45,26617.89,26433.58,26568.49,2304707316
2020-12-30,26695.11,27158.88,26670.97,27147.11,2552802935
2020-12-31,27194.79,27332.05,27163.51,27231.13,2054705327
2021-01-04,27330.52,27502.75,27324.88,27472.81,2870443308
2021-01-05,27420.32,27687.39,27380.39,27649.86,3282490052
2021-01-06,27613.34,27750.67,27389.78,27692.3,3079382643
2021-01-07,27666.96,27670.5,27462.58,27548.52,3775142812
2021-01-08,27630.03,27919.81,27545.93,27878.22,5667283955
2021-01-11,28003.98,28170.86,27794.81,27908.22,4366094582
2021-01-12,27894.29,28276.75,27782.79,28276.75,3399606210
2021-01-13,28309.32,28410.67,28136.64,28235.6,3559366626
2021-01-14,28408.12,28510.92,28280.09,28496.86,3205592600
2021-01-15,28394.37,28666.31,28295.62,28573.86,4485371844
2021-01-18,28454.59,28864.25,28390.29,28862.77,2956444031
2021-01-19,29100.17,29845.26,29100.17,29642.28,4568245311
2021-01-20,29794.41,29985.52,29676.54,29962.47,3937834212
2021-01-21,30060.59,30085.42,29745.87,29927.76,3004888904
2021-01-22,29601.28,29607.3,29415.91,29447.85,3381738557
2021-01-25,29677.3,30185.46,29675.97,30159.01,3066515319
2021-01-26,29892.85,29963.35,29347.11,29391.26,4810723628
2021-01-27,29556.58,29636.63,29200.8,29297.53,3808971847
2021-01-28,28914.85,29189.45,28469.33,28550.77,2993470072
2021-01-29,28826.18,28968.26,28261.09,28283.71,3196757643
2021-02-01,28457.85,28982.77,28387.64,28892.86,2464276371
2021-02-02,29413.5,29479.18,29200.61,29248.7,2739194578
2021-02-03,29007.64,29308.69,29007.64,29307.46,2681355483
2021-02-04,29093.54,29405.79,28776.77,29113.5,3032246185
2021-02-05,29305.09,29495.05,29185.02,29288.68,2675266499
2021-02-08,29629.08,29702.62,29300.8,29319.47,2196734129
2021-02-09,29362.3,29526.68,29338.1,29476.19,1851043362
2021-02-10,29796.19,30075.5,29736.94,30038.72,1998284886
2021-02-11,29995.28,30182.69,29831.22,30173.57,1192111234
2021-02-16,30675.82,30793.48,30497.4,30746.66,3269676185
2021-02-17,30636.37,31164.3,30509.26,31084.94,3144032863
2021-02-18,31183.36,31183.36,30570.96,30595.27,3687580975
2021-02-19,30483.46,30718.25,30099.71,30644.73,3317191724
2021-02-22,31071.61,31071.61,30299.38,30319.83,4449910142
2021-02-23,30189.97,30945.29,30126.4,30632.64,4605710341
2021-02-24,30282.47,30284.51,29534.82,29718.24,4846335287
2021-02-25,30174.22,30446.19,29833.19,30074.17,3663892286
2021-02-26,29412.13,29578.8,28980.21,28980.21,4126393221
2021-03-01,29457.89,29550.75,29196.39,29452.57,2629062144
2021-03-02,29301.19,29386.64,28958.83,29095.86,2895849622
2021-03-03,29249.43,29912,29185.34,29880.42,3228617981
2021-03-04,29525.48,29596.36,29105.53,29236.79,2957908978
2021-03-05,28667.14,29397.27,28525.47,29098.29,3996713317
2021-03-08,29362.59,29384.61,28427.38,28540.83,4906906090
2021-03-09,28665.26,29043.76,28328.26,28773.23,4377944440
2021-03-10,29255.37,29255.37,28716.31,28907.52,2842785243
2021-03-11,28909.98,29409.46,28909.98,29385.61,3604263553
2021-03-12,29550.37,29550.37,28708.6,28739.72,3557237834
2021-03-15,28923.95,29175.72,28614.04,28833.76,3096719568
2021-03-16,29036.82,29118.62,28874,29027.69,2351605604
2021-03-17,28992.24,29178.82,28784.59,29034.12,1901329230
2021-03-18,29522,29584.79,29337.98,29405.72,2113745174
2021-03-19,29158.48,29264.66,28739.62,28990.94,3814440752
2021-03-22,28801.09,29139.07,28801.09,28885.34,2065830648
2021-03-23,29008.02,29043.15,28378.3,28497.38,2049560334
2021-03-24,28437.49,28457.87,27829.96,27918.14,2689142362
2021-03-25,27628.08,28032.01,27505.08,27899.61,2595007598
2021-03-26,28043.65,28413.4,28014.29,28336.43,2415384111
2021-03-29,28317.32,28484.66,28133.14,28338.3,2847744138
2021-03-30,28552.77,28693.4,28378.58,28577.5,2269839794
2021-03-31,28802.53,28802.53,28336.61,28378.35,2703755356
2021-04-01,28594.55,28938.74,28513.48,28938.74,2232972144
2021-04-07,28823.36,28895,28601.56,28674.8,2223606259
2021-04-08,28604.12,29051.52,28587.11,29008.07,2522329293
2021-04-09,29152.44,29152.44,28604.55,28698.8,1897265813
2021-04-12,28791.97,28791.97,28274.27,28453.28,1992325167
2021-04-13,28557.84,28874.35,28452.67,28497.25,2062117344
2021-04-14,28916.39,28930.04,28746.19,28900.83,1941501568
2021-04-15,28872.82,28878.97,28532.23,28793.14,1901862983
2021-04-16,28827.17,29079.18,28711.11,28969.71,2192409823
2021-04-19,28960.13,29318.9,28806.76,29106.15,2020128338
2021-04-20,28962.8,29219.32,28885.55,29135.73,2014210505
2021-04-21,28569.45,28727.49,28506.94,28621.92,2202031476
2021-04-22,28716.98,28848.02,28599.95,28755.34,1934891332
2021-04-23,28798.45,29078.75,28748.57,29078.75,1901001957
2021-04-26,29106.45,29234.72,28910.58,28952.83,1786353572
2021-04-27,28895.38,29045.11,28793.84,28941.54,1834872787
2021-04-28,28991.94,29071.34,28888.65,29071.34,2074074294
2021-04-29,29268.21,29405.12,29163.45,29303.26,1838135831
2021-04-30,29143.43,29154.75,28704.62,28724.88,2577584326
2021-05-03,28659.91,28674.2,28256.03,28357.54,1725985482
2021-05-04,28388.32,28575.56,28388.32,28557.14,1921124788
2021-05-05,28427.67,28676.84,28326.53,28417.98,1720837697
2021-05-06,28647.97,28753.11,28384.12,28637.46,2478818971
2021-05-07,28721.13,28883.11,28531.04,28610.65,2205337090
2021-05-10,28776.99,28841.93,28453.53,28595.66,2358822093
2021-05-11,28286.56,28286.56,27912.13,28013.81,2383355238
2021-05-12,28073.92,28231.04,27898.67,28231.04,2132315342
2021-05-13,27920.01,28058.87,27718.67,27718.67,2167381480
2021-05-14,27872.69,28063.97,27715.88,28027.57,1880805172
2021-05-17,28130.51,28268.39,28074.14,28194.09,1857027946
2021-05-18,28589.2,28593.81,28504.19,28593.81,2065990007
2021-05-20,28413.49,28507.47,28294.81,28450.29,2465835357
2021-05-21,28584.34,28584.34,28286.92,28458.44,1653241880
2021-05-24,28417.99,28444.04,28202.45,28412.26,1719640587
2021-05-25,28461.5,28929.24,28461.5,28910.86,2352077860
2021-05-26,29056.28,29261.86,29028.38,29166.01,2518538366
2021-05-27,28998.39,29155.05,28950.89,29113.2,3804955019
2021-05-28,29219.46,29333.26,29033.99,29124.41,2591559535
2021-05-31,29225.46,29225.46,28910.57,29151.8,2188580839
2021-06-01,29159.06,29480.16,29036.45,29468,1832036691
2021-06-02,29414.64,29490.61,29210.63,29297.62,1933160433
2021-06-03,29365.32,29375.8,28902.67,28966.03,2241752489
2021-06-04,28837.95,29023.18,28740.35,28918.1,3054579822
2021-06-07,28918.1,29003.99,28615.61,28787.28,2573174291
2021-06-08,28900.52,28978.79,28642.07,28781.38,1626862986
2021-06-09,28771.14,28858.51,28689.47,28742.63,1807028825
2021-06-10,28792.02,28951.71,28669.09,28738.88,1940104563
2021-06-11,28749.91,28912.34,28743.82,28842.13,2038619085
2021-06-15,28946.44,28946.44,28455.1,28638.53,2376459792
2021-06-16,28609.37,28648.64,28403.64,28436.84,2053818780
2021-06-17,28240.88,28542.94,28218.26,28558.59,1888022031
2021-06-18,28558.59,28830.85,28532.94,28801.27,3761375220
2021-06-21,28501.64,28589.94,28314.93,28489,2182672960
2021-06-22,28575.16,28577.89,28300.69,28309.76,1980080412
2021-06-23,28468.24,28892.15,28406.94,28817.07,2293387208
2021-06-24,28899.67,28969.97,28782.34,28882.46,1723216547
2021-06-25,29002.67,29303.52,28974,29288.22,2149434298
2021-06-28,29388.55,29388.55,29212,29268.3,1512611067
2021-06-29,29291.89,29291.89,28924.61,28994.1,2356507098
2021-06-30,28986.7,29011.35,28827.95,28827.95,2051503740
2021-07-02,28481.9,28485.24,28234.53,28310.42,2816172726
2021-07-05,28098.91,28336.79,28042.71,28143.5,1827212580
2021-07-06,28136.63,28150.08,27904.93,28072.86,1904176199
2021-07-07,27777.81,27967.55,27710.1,27960.62,2040702312
2021-07-08,27881.5,27921.06,27110.62,27153.13,2948605691
2021-07-09,27131.57,27450.79,26862.7,27344.54,2499976879
2021-07-12,27672.7,27739.3,27420.35,27515.24,2054164658
2021-07-13,27694.03,28050.63,27615.25,27963.41,1995588431
2021-07-14,27965.39,27965.39,27710.09,27787.46,1865663749
2021-07-15,27801.4,28181.17,27743.13,27996.27,2081493174
2021-07-16,27972.56,28218.53,27881.98,28004.68,1968819134
2021-07-19,27786.54,27786.54,27397.88,27489.78,1874176249
2021-07-20,27395.83,27531.49,27121.49,27259.25,2263380751
2021-07-21,27339.22,27371.5,26971.03,27224.58,1672532964
2021-07-22,27464.28,27757.01,27455.43,27723.84,1807199689
2021-07-23,27740.95,27740.95,27222.04,27321.98,1182745186
2021-07-26,26825.73,26876.77,26177.4,26192.32,2695215731
2021-07-27,26106.09,26117.9,24751.25,25086.43,4657383825
2021-07-28,25356.74,25504.6,24848.43,25473.88,3391837748
2021-07-29,26221.36,26334.05,25858.73,26315.32,3272154401
2021-07-30,26042.84,26151,25642.04,25961.03,2425058815
2021-08-02,25773.06,26299.7,25765.84,26235.8,1768640313
2021-08-03,26289.06,26289.06,25774.62,26194.82,2010033850
2021-08-04,26161.83,26650.2,26009.83,26426.55,1776527385
2021-08-05,26390.01,26568,26126.85,26204.69,1695647958
2021-08-06,26262.97,26276.87,26004.28,26179.4,1559626614
2021-08-09,26358.58,26526.71,26229.06,26283.4,1585113276
2021-08-10,26456.61,26610.95,26138.98,26605.62,1735296159
2021-08-11,26491.74,26821.69,26491.74,26660.16,2414411880
2021-08-12,26625.87,26690.99,26388.09,26517.82,1655017935
2021-08-13,26296.19,26520.26,26202.29,26391.62,1336188123
2021-08-16,26365.19,26432.22,26047.57,26181.46,1648288131
2021-08-17,26137.9,26254.36,25616.04,25745.87,2291305368
2021-08-18,25800.03,26025.14,25708.95,25867.01,1756860856
2021-08-19,25787.84,25827.63,25185.46,25316.33,2312886873
2021-08-20,25096.47,25169.7,24581.64,24849.72,2855825734
2021-08-23,25169.45,25455.79,25040.7,25109.59,2184980416
2021-08-24,25428.68,25727.92,25364.47,25727.92,2052904766
2021-08-25,25793.63,25827.67,25551.92,25693.95,1716375317
2021-08-26,25610.89,25645.94,25257.57,25415.69,1834106576
2021-08-27,25337.55,25640.75,25305.82,25407.89,1528046048
2021-08-30,25406.49,25582.55,25222.36,25539.54,1995641027
2021-08-31,25524.23,25878.99,25111.37,25878.99,2918149889
2021-09-01,25871.82,26101.5,25695.6,26028.29,2181283635
2021-09-02,26203.52,26355.04,25969.42,26090.43,2024344050
2021-09-03,26022.67,26051.04,25811.77,25901.99,2549365436
2021-09-06,25827.17,26175.97,25827.17,26163.63,1912182749
2021-09-07,26289.73,26458.54,26284.55,26353.63,1842232942
2021-09-08,26534.49,26534.49,26166.84,26320.93,1861322948
2021-09-09,26076.93,26122.41,25625.28,25716,2090788568
2021-09-10,25870.71,26205.91,25870.71,26205.91,2001316972
2021-09-13,25885.3,25885.3,25572.15,25813.81,2315555227
2021-09-14,25827.7,25899.31,25377.83,25502.23,2398954026
2021-09-15,25310.03,25408.34,24993.1,25033.21,2420860960
2021-09-16,25042.03,25045.55,24507.24,24667.85,2499818181
2021-09-17,24589.17,24920.76,24424.74,24920.76,3102312149
2021-09-20,24640.43,24640.43,23872.02,24099.14,2651590610
2021-09-21,23867.16,24284.61,23771.92,24221.54,2079740097
2021-09-23,24614.14,24826.93,24315.41,24510.98,2711912414
2021-09-24,24487.24,24634.27,24097.45,24192.16,2014445146
2021-09-27,24131.42,24504.02,24131.42,24208.78,2323611053
2021-09-28,24323,24677.49,24239.6,24500.39,2457931166
2021-09-29,24276.71,24693.36,24050.06,24663.5,2150210759
2021-09-30,24494.26,24659.86,24350.06,24575.64,1580410216
2021-10-04,23912.37,24164.2,23912.37,24036.37,1596284857
2021-10-05,23771.65,24180.08,23682.14,24104.15,1716980100
2021-10-06,23842.12,24116.65,23813.67,23966.49,1878722296
2021-10-07,24339.32,24741.28,24310.56,24701.73,1764575481
2021-10-08,25064.8,25064.8,24596.75,24837.85,2359007916
2021-10-11,25161.8,25435.72,25161.8,25325.09,2114303526
2021-10-12,24995.95,25187.72,24866.19,24962.59,1835259440
2021-10-15,25187.05,25330.96,24931.22,25330.96,2345247706
2021-10-18,25425.32,25425.32,25123.25,25409.75,1648005336
2021-10-19,25471.25,25808.62,25461.27,25787.21,1671194571
2021-10-20,25951.81,26211.94,25916.85,26136.02,1823605220
2021-10-21,26141.85,26228.3,25842.24,26017.53,2085122051
2021-10-22,26053.26,26193.91,26015.07,26126.93,1699583703
2021-10-25,26020.78,26212.11,25929.67,26132.03,1455214701
2021-10-26,26234.94,26234.94,25905.98,26038.27,1533464374
2021-10-27,25795.17,25795.17,25555.17,25628.74,1620780085
2021-10-28,25636.25,25686.19,25473.16,25555.73,2021051138
2021-10-29,25466.86,25505.16,25315.57,25377.24,2051346204
2021-11-01,25268.35,25268.35,24974.57,25154.32,1586722812
2021-11-02,25609.01,25635.92,25032.01,25099.67,1964593313
2021-11-03,25060.93,25182.85,24810.22,25024.75,1690457127
2021-11-04,25141.1,25244.98,25010.45,25225.19,1639485116
2021-11-05,24950.68,25048.92,24725.85,24870.51,2020689170
2021-11-08,24743.54,24835.67,24636.39,24763.77,1762623681
2021-11-09,24952.82,24956.27,24678.66,24813.13,1154696249
2021-11-10,24787.44,25008.8,24484.53,24996.14,1688052647
2021-11-11,24856.11,25317.64,24849.28,25247.99,2001862537
2021-11-12,25522.83,25527.13,25210.56,25327.97,1632112190
2021-11-15,25437.99,25483.26,25231.16,25390.91,1155801229
2021-11-16,25446.65,25746.71,25413.54,25713.78,1528784432
2021-11-17,25667.81,25667.81,25520.67,25650.08,1193809446
2021-11-18,25369.88,25414.21,25226.33,25319.72,1342851205
2021-11-19,24934.4,25076.47,24826.7,25049.97,1640364648
2021-11-22,25057.06,25099.95,24870.85,24951.34,1510358934
2021-11-23,24688.99,24790.69,24620.15,24651.58,1486270308
2021-11-24,24672.1,24850.75,24557.63,24685.5,1791030961
2021-11-25,24699.69,24761.5,24532.82,24740.16,1188635097
2021-11-26,24502.68,24502.68,24063.56,24080.52,1804123105
2021-11-29,23910.49,24132.48,23775.68,23852.24,1741008534
2021-11-30,23782.86,23885.9,23176.15,23475.26,3344858001
2021-12-01,23820.17,23861.56,23639.27,23658.92,2118634933
2021-12-02,23524.05,23804.84,23521.21,23788.93,2328241373
2021-12-03,23675.26,23800.42,23453.22,23766.69,2717889689
2021-12-06,23420.44,23627.13,23314.97,23349.38,2419783455
2021-12-07,23704.51,23988.35,23514.43,23983.66,2120328758
2021-12-08,24041.5,24057.22,23924.31,23996.87,1778623449
2021-12-09,24168.41,24323.46,24158.18,24254.86,1743251770
2021-12-10,24117.16,24146.01,23916.63,23995.72,1413938140
2021-12-13,24242.26,24384.69,23938.32,23954.58,1538105607
2021-12-14,23657.59,23689.68,23562.34,23635.95,1553577675
2021-12-15,23620.58,23745.75,23327.91,23420.76,1597121933
2021-12-16,23287.93,23524.84,23165.41,23475.5,1498950221
2021-12-17,23463.78,23463.78,23161.11,23192.63,2188694179
2021-12-20,23045.05,23138.75,22667.44,22744.86,1681615609
2021-12-21,22795.57,23099.12,22732.18,22971.33,1651194421
2021-12-22,23221.13,23258.16,22982.75,23102.33,1230794095
2021-12-23,23141.79,23264.04,23033.2,23193.64,1387904020
2021-12-24,23375.99,23377.05,23188.13,23223.76,622879650
2021-12-28,23282.35,23319.44,23101.53,23280.56,1433026659
2021-12-29,23253.98,23253.98,23008.28,23086.54,828414366
2021-12-30,23130.45,23247.29,22992.12,23112.01,1008366022
2021-12-31,23553.79,23590.12,23394.77,23397.67,675936355
2022-01-03,23510.54,23605.03,23193.69,23274.75,734331093
2022-01-04,23400.62,23432.88,23148.05,23289.84,1760141231
2022-01-05,23158.11,23159.95,22851.5,22907.25,2768859047
2022-01-06,22843.2,23081.88,22710.07,23072.86,1765786073
2022-01-07,23318.92,23495.9,23164.23,23493.38,2602290630
2022-01-10,23523.9,23789.53,23399.09,23746.54,2544917161
2022-01-11,23772.43,23863.83,23595.34,23739.06,2331482362
2022-01-12,24196.15,24402.17,24183.14,24402.17,2489491246
2022-01-13,24561.48,24561.48,24291.53,24429.77,2160545148
2022-01-14,24185.86,24383.32,24141.15,24383.32,1840017280
2022-01-17,24390.29,24406.1,24112.08,24218.03,1633511876
2022-01-18,24274.75,24384.67,24010.72,24112.78,1638866432
2022-01-19,24229.78,24286.14,23952.92,24127.85,1729894860
2022-01-20,24594.2,24952.35,24570.17,24952.35,2531394635
2022-01-21,24835.91,24965.55,24725.87,24965.55,2370146606
2022-01-24,24693.43,24793.67,24571.99,24656.46,1871540972
2022-01-25,24251.52,24364.22,24001.96,24243.61,2183354382
2022-01-26,24342.9,24487.3,24126.04,24289.9,1959621331
2022-01-27,23952.01,23952.01,23566.51,23807,1846826758
2022-01-28,23818.94,23830.37,23507.33,23550.08,1777188342
2022-01-31,23624.14,23975.7,23471.89,23802.26,995464887
2022-02-04,24392.86,24608.77,24142.48,24573.29,1832921366
2022-02-07,24609.43,24616.5,24365.89,24579.55,2538100848
2022-02-08,24548.05,24548.05,24149.75,24329.49,2294892082
2022-02-09,24727.34,24896.43,24695.3,24829.99,2511123714
2022-02-10,25050.59,25050.59,24650.39,24924.35,2097934083
2022-02-11,24837.2,24956.68,24734.93,24906.66,2514710470
2022-02-14,24725.1,24731.28,24482.86,24556.57,1978811953
2022-02-15,24458.5,24570.09,24220.75,24355.71,2625908917
2022-02-16,24618.3,24728.93,24548.05,24718.9,1815172993
2022-02-17,24722.88,24859.12,24526.86,24792.77,1566206656
2022-02-18,24633.66,24761.81,24297.82,24327.71,1677848385
2022-02-21,24152.63,24202.11,24001,24170.07,1618294559
2022-02-22,23692.54,23810.99,23338.75,23520,2057604719
2022-02-23,23617.97,23741.28,23502.66,23660.28,1416047948
2022-02-24,23268.03,23375.24,22787.45,22901.56,2997726908
2022-02-25,22908.1,23041.87,22718.15,22767.18,2524255556
2022-02-28,22467.98,22742.68,22412.5,22713.02,2833849005
2022-03-01,22739.84,22933.92,22592.76,22761.71,1796043110
2022-03-02,22568.36,22711.56,22299.14,22343.92,2227895979
2022-03-03,22434.26,22540.3,22379.47,22467.34,1937725066
2022-03-04,21879.13,22017.65,21838.99,21905.29,2438204968
2022-03-07,21308.9,21325.89,20833.89,21057.63,3322870014
2022-03-08,21082.39,21302.67,20639.41,20765.87,3231989738
2022-03-09,20820.02,20955.77,20103.23,20627.71,3674580880
2022-03-10,21106.57,21106.57,20710.68,20890.26,2694330581
2022-03-11,20460.03,20777.84,20080.64,20553.79,3019997450
2022-03-14,20203.84,20203.84,19416.78,19531.66,4096127336
2022-03-15,18931.18,19389.74,18236.65,18415.08,6012760141
2022-03-16,18956.02,20115.69,18587.14,20087.5,5501050472
2022-03-17,21430.71,21501.23,20787.05,21501.23,4826218000
2022-03-18,21232.88,21646.15,20922.68,21412.4,4590509239
2022-03-21,21823.07,21823.07,21097.77,21221.34,2340034123
2022-03-22,21389.97,21902.18,21389.61,21889.28,2590383293
2022-03-23,22088.79,22421.3,21984.14,22154.08,2835723837
2022-03-24,22002.87,22231.67,21900.8,21945.95,2404819791
2022-03-25,21735.61,21942.89,21289.26,21404.88,2358152634
2022-03-28,21422.2,21790.91,21202.69,21684.97,2200278792
2022-03-29,21771.29,21936.15,21723.78,21927.63,2259328130
2022-03-30,22101.63,22384.83,22035.56,22232.03,2729645477
2022-03-31,22262.16,22262.16,21923.12,21996.85,2226286264
2022-04-01,21693.1,22039.55,21558.05,22039.55,1937497840
2022-04-04,22227.11,22521.94,22124.87,22502.31,1868076173
2022-04-06,22220.21,22244.02,22020.04,22080.52,2749772557
2022-04-07,21910.4,22236.93,21779.19,21808.98,2078973180
2022-04-08,21667.53,21872.01,21570.18,21872.01,1739886112
2022-04-11,21688.03,21688.03,21132.54,21208.3,2104906030
2022-04-12,21279.18,21519.13,20989.37,21319.13,2045265191
2022-04-13,21192.62,21530.46,21141.1,21374.37,1696862194
2022-04-14,21463.35,21587.12,21358.73,21518.08,1719437551
2022-04-19,21106,21183.62,20896.87,21027.76,2240088312
2022-04-20,20972.84,21213.85,20889.02,20944.67,1876429087
2022-04-21,20780.86,20920.6,20484.64,20682.22,2226185770
2022-04-22,20261.61,20707.64,20192.58,20638.52,2351346050
2022-04-25,20284.6,20284.6,19786.68,19869.34,2912292451
2022-04-26,19989.04,20258.64,19860.3,19934.71,2565706581
2022-04-27,19723.46,20052.63,19670.11,19946.36,2361021589
2022-04-28,20118.79,20286.83,19956.67,20276.17,2255667003
2022-04-29,20271.4,21176.58,20040.07,21089.39,2727108483
2022-05-03,20975.7,21291.01,20942.6,21101.89,1741666909
2022-05-04,20972.44,20972.44,20774.22,20869.52,1139909495
2022-05-05,21163.15,21280.87,20776.97,20793.4,1827136201
2022-05-06,20272.96,20286.36,19973.47,20001.96,2110558970
2022-05-10,19300.68,19758.63,19218.18,19633.69,2785651648
2022-05-11,19511.8,20083.49,19491.44,19824.57,1958419005
2022-05-12,19556.89,19729.69,19342.89,19380.34,2273639322
2022-05-13,19615.99,19925.23,19611.73,19898.77,2075261373
2022-05-16,20131.53,20164.95,19764.96,19950.21,1796370278
2022-05-17,20193.6,20625.85,20169.24,20602.52,2207409339
2022-05-18,20674.23,20710.84,20391.57,20644.28,1945972092
2022-05-19,20146.96,20273.7,19927.88,20120.68,2120940480
2022-05-20,20470.95,20792.61,20408.68,20717.24,2173124288
2022-05-23,20608.65,20640.53,20303.55,20470.06,1696099751
2022-05-24,20420.14,20509.62,19991.74,20112.1,1825206371
2022-05-25,20115.56,20370.2,20070.12,20171.27,2097456765
2022-05-26,20272.22,20272.22,19891.18,20116.2,1855500306
2022-05-27,20646.06,20779.75,20494.15,20697.36,2565822424
2022-05-30,20933.5,21168.36,20885.02,21123.93,2609326506
2022-05-31,21106.41,21415.2,21030.86,21415.2,3919117119
2022-06-01,21407.79,21411.29,21154.04,21294.94,2073470906
2022-06-02,21057.04,21114.75,20884.16,21082.13,1816141732
2022-06-06,21282.51,21691.82,21031.53,21653.9,2244704860
2022-06-07,21577.48,21744.46,21394.91,21531.67,2145401814
2022-06-08,21788.89,22062.52,21736.69,22014.59,2943006254
2022-06-09,22121.53,22134.84,21739.53,21869.05,2544549633
2022-06-10,21522.5,21934.36,21489.26,21806.18,2686148330
2022-06-13,21162.53,21315.56,20996.34,21067.58,2609000834
2022-06-14,20783.54,21174.13,20718.09,21067.99,1965884231
2022-06-15,21111.32,21431.07,21111.32,21308.21,2301320996
2022-06-16,21515.64,21543.65,20701.1,20845.43,2341100364
2022-06-17,20716.74,21145.94,20701.52,21075,3097480119
2022-06-20,20948.8,21174.59,20839.02,21163.91,2085205765
2022-06-21,21264.98,21564.86,21175.95,21559.59,2133396918
2022-06-22,21469.74,21513.39,21008.34,21008.34,2470631232
2022-06-23,21157.58,21441.59,21010.89,21273.87,2007274220
2022-06-24,21450.68,21762.67,21410.84,21719.06,2410823307
2022-06-27,21976.8,22414.43,21976.8,22229.52,2994729176
2022-06-28,22144.63,22448.98,21953.13,22418.97,2873985138
2022-06-29,22125.61,22288.79,21844.82,21996.89,2834486787
2022-06-30,21917.45,22109.93,21719.85,21859.79,2822730067
2022-07-04,21690.68,21885.85,21458.63,21830.35,2203708002
2022-07-05,22053.16,22198.51,21801.06,21853.07,2143810022
2022-07-06,21777.64,21828.81,21286.96,21586.66,2886434258
2022-07-07,21352.7,21643.58,21204.19,21643.58,1744594826
2022-07-08,21961.75,21961.75,21616.01,21725.78,1565420189
2022-07-11,21470.77,21470.77,21003.07,21124.2,1693929402
2022-07-12,20905.07,21082.81,20779.59,20844.74,1745240657
2022-07-13,20911.53,21040.34,20752.92,20797.95,2056959298
2022-07-14,20818.27,20888.8,20554.15,20751.21,2371204809
2022-07-15,20522.11,20656.4,20215.97,20297.72,2526023882
2022-07-18,20479.58,20864.81,20297.74,20846.18,2053608502
2022-07-19,20719.2,20757.74,20549.44,20661.06,1287501202
2022-07-20,20968.42,21110.67,20888.4,20890.22,1405277204
2022-07-21,20811.6,20825.97,20528.24,20574.63,1760411688
2022-07-22,20717.47,20788.46,20514,20609.14,1327660202
2022-07-25,20516.34,20591.86,20354.31,20562.94,1377192565
2022-07-26,20676.68,20952.45,20631.82,20905.88,1701166347
2022-07-27,20684.48,20766.1,20573.19,20670.04,1729858563
2022-07-28,20705.46,20772.63,20535.73,20622.68,1965166233
2022-07-29,20647.45,20647.45,20050.17,20156.51,2181726378
2022-08-01,20026.6,20251.43,19884.4,20165.84,1970707366
2022-08-02,19943.16,19943.16,19515.54,19689.21,2291211503
2022-08-03,19865.69,19921.91,19685.48,19767.09,1789743078
2022-08-04,20011.25,20214.26,19995.46,20174.04,1924409494
2022-08-05,20283.59,20283.59,20096.59,20201.94,1635423960
2022-08-08,20065.35,20170.94,19955.09,20045.77,1376942198
2022-08-09,20039.3,20247.97,19859.34,20003.44,1497207554
2022-08-10,19956.51,19956.51,19469.13,19610.84,1730317984
2022-08-11,19840.57,20082.43,19791.5,20082.43,1600822931
2022-08-12,20158.29,20206.73,20011.38,20175.62,1567854641
2022-08-15,20038.48,20259.92,19984.41,20040.86,1393358458
2022-08-16,20107.14,20171.66,19665.7,19830.52,1947792814
2022-08-17,19995.77,20068.36,19802.65,19922.45,1411797735
2022-08-18,19991.94,19991.94,19675.89,19763.91,1586624650
2022-08-19,19656.8,19897.63,19656.8,19773.03,1399802308
2022-08-22,19572.42,19825.15,19566.22,19656.98,1596111855
2022-08-23,19644.23,19699.07,19379.05,19503.25,1847479428
2022-08-24,19542.24,19542.24,19190.48,19268.74,1997568481
2022-08-25,19480.03,19990.31,19480.03,19968.38,1684299354
2022-08-26,20138.69,20184.21,20051.34,20170.04,1868937792
2022-08-29,19960.29,20071.85,19890.65,20023.22,1595204690
2022-08-30,20062.73,20062.73,19646.89,19949.03,1658925360
2022-08-31,19589.85,20171.61,19566.52,19954.39,2783305110
2022-09-01,19761.72,19838.89,19534.06,19597.31,2000258885
2022-09-02,19572.47,19630.65,19342.86,19452.09,2095560779
2022-09-05,19299.09,19299.09,19064.79,19225.7,2181084547
2022-09-06,19261.7,19358.02,19107.92,19202.73,1716319006
2022-09-07,18915.87,19066.13,18818.91,19044.3,1839592545
2022-09-08,19043.84,19075.16,18804.29,18854.62,1718131697
2022-09-09,18893.65,19417.56,18893.65,19362.25,1994834005
2022-09-13,19404.64,19492.06,19297.54,19326.86,1787223049
2022-09-14,18933.3,18985.64,18799.76,18847.1,1731976614
2022-09-15,18833.9,19012.71,18833.9,18930.38,1797327722
2022-09-16,18732.44,18899.62,18679.92,18761.69,2793919481
2022-09-19,18695.35,18696.77,18494.54,18565.97,1745749465
2022-09-20,18700.68,18861.47,18686.78,18781.42,1478169350
2022-09-21,18638.85,18638.85,18435.15,18444.62,1629375429
2022-09-22,18080.93,18192.43,17966.18,18147.95,1729134122
2022-09-23,18055.59,18164,17927.94,17933.27,1776795374
2022-09-26,17781.87,18076.4,17727.4,17855.14,2557096616
2022-09-27,17838.65,17902.1,17649.89,17860.31,1900500012
2022-09-28,17703.39,17703.39,17185.44,17250.88,2948457324
2022-09-29,17570.17,17627.22,17046.83,17165.87,2534665588
2022-09-30,17165.93,17340.87,17018.88,17222.83,2113942529
2022-10-03,17050.25,17251.99,16907.41,17079.51,1361001560
2022-10-05,17811.97,18164.2,17683.59,18087.97,2256107738
2022-10-06,18100.48,18142.98,17958.73,18012.15,1082368033
2022-10-07,17851.62,17881.32,17717.73,17740.05,1129251018
2022-10-10,17449.36,17449.36,17175.41,17216.66,1771824256
2022-10-11,17194.73,17194.73,16791.13,16832.36,1797693532
2022-10-12,16758.27,17040.01,16438.6,16701.03,2407431405
2022-10-13,16700.65,16736.59,16389.11,16389.11,2241933964
2022-10-14,16671.68,17026.33,16535.72,16587.69,2322665105
2022-10-17,16479.74,16753.97,16309.13,16612.9,2061247875
2022-10-18,16860.2,16914.58,16558.41,16914.58,1971282032
2022-10-19,16805.91,16921.7,16508.37,16511.28,1713974886
2022-10-20,16230.79,16451.97,16010.72,16280.22,2295268587
2022-10-21,16331.11,16357.31,16138.54,16211.12,2052413113
2022-10-24,15894.75,15990.27,15086.15,15180.69,3597357455
2022-10-25,15242.1,15433.51,14952.01,15165.59,3275325586
2022-10-26,15096.32,15582.65,15056.08,15317.67,2718640846
2022-10-27,15721.27,15831.02,15410.97,15427.94,2526173241
2022-10-28,15424.94,15441.73,14774.64,14863.06,3051258537
2022-10-31,14830.69,15112.56,14597.31,14687.02,4183641742
2022-11-01,14859.92,15632.85,14859.92,15455.27,3787358979
2022-11-02,15389.55,15866.59,15280.02,15827.17,2774638175
2022-11-03,15477.74,15623.18,15301.72,15339.49,2544805248
2022-11-04,15442.76,16513.16,15442.76,16161.14,3951121134
2022-11-07,16031.79,16821.89,15980.85,16595.91,3227830094
2022-11-08,16634.96,16717.94,16430.01,16557.31,2071208679
2022-11-09,16552.8,16722.24,16213.03,16358.52,3270965132
2022-11-10,16138.22,16138.22,15946.32,16081.04,2204747828
2022-11-11,17120.05,17368.04,16829,17325.66,5112565994
2022-11-14,17999.26,18002.21,17518.88,17619.71,5547517945
2022-11-15,17665.8,18356.78,17552.3,18343.12,4900022197
2022-11-16,18169.21,18414.09,18032.14,18256.48,3918387096
2022-11-17,18071.6,18217.06,17713.29,18045.66,2930448527
2022-11-18,18177.18,18212.62,17910.66,17992.54,2792874223
2022-11-21,17654.15,17745.54,17391.49,17655.91,2230983496
2022-11-22,17625.19,17750.83,17288.73,17424.41,3024902016
2022-11-23,17460.9,17640.55,17377.5,17523.81,2423764386
2022-11-24,17684.53,17757.26,17518.46,17660.9,2910419284
2022-11-25,17673.2,17673.2,17413.2,17573.58,3176711392
2022-11-28,17000.23,17364.14,16833.68,17297.94,2799254021
2022-11-29,17558.6,18204.68,17544.13,18204.68,4273394682
2022-11-30,18141.56,18644.77,18052.32,18597.23,5359650774
2022-12-01,19058.9,19237.45,18679.35,18736.44,4262000298
2022-12-02,18785.28,18840.68,18530.82,18675.35,3757393961
2022-12-05,19221.68,19534.09,19067.33,19518.29,4958498352
2022-12-06,19211.7,19557.5,19211.7,19441.18,3552078510
2022-12-07,19380.8,19710.45,18811.52,18814.82,5308866178
2022-12-08,18965.05,19491.77,18965.05,19450.23,2856166615
2022-12-09,19484.23,19922.07,19422.87,19900.87,4023277537
2022-12-12,19594.52,19694.02,19366.22,19463.63,3115198458
2022-12-13,19458.02,19705.73,19409.44,19596.2,2584117306
2022-12-14,19775.33,19855.83,19540.36,19673.45,2758656109
2022-12-15,19612.67,19675.68,19233.86,19368.59,2243394011
2022-12-16,19343.7,19618.8,19133.03,19450.67,2875978581
2022-12-19,19472.21,19783.84,19257.15,19352.81,2238224698
2022-12-20,19156.94,19282.2,18887.04,19094.8,1938516931
2022-12-21,19190.91,19255.36,19063.79,19160.49,1348431010
2022-12-22,19537.45,19732.84,19476.77,19679.22,1939795121
2022-12-23,19382.23,19684.23,19382.23,19593.06,1363741760
2022-12-28,19787.94,20099.7,19787.94,19898.91,2823780628
2022-12-29,19648.4,19763.55,19543.09,19741.14,1991175610
2022-12-30,20030.85,20071.37,19781.41,19781.41,1747706785
2023-01-03,19570.43,20212.04,19305.41,20145.29,2270658431
2023-01-04,20319.98,20793.11,20234.67,20793.11,3015986328
2023-01-05,21295.87,21392.14,20962.4,21052.17,2875372424
2023-01-06,21220.89,21281.27,20868,20991.64,2754459506
2023-01-09,21295.94,21469.59,21219.46,21388.34,2697924390
2023-01-10,21370.42,21394.16,21188.63,21331.46,2543159707
2023-01-11,21463.82,21686.3,21328.52,21436.05,2971313197
2023-01-12,21599.82,21697.31,21225.75,21514.1,2834627524
2023-01-13,21605.07,21764.46,21475.35,21738.66,2463604234
2023-01-16,21818.65,21943.91,21574.24,21746.72,2559091793
2023-01-17,21678.05,21791.41,21417.25,21577.64,2307534212
2023-01-18,21514.8,21691.67,21422.19,21678,2485346706
2023-01-19,21452.26,21751.8,21383.77,21650.98,1664915494
2023-01-20,21812.46,22044.65,21759.01,22044.65,1956241933
2023-01-26,22367.98,22566.78,22329.4,22566.78,2455079674
2023-01-27,22614.92,22691.83,22491.65,22688.9,2012140959
2023-01-30,22579.88,22623.81,21996.39,22069.73,3802780369
2023-01-31,22190.27,22283.81,21632.18,21842.33,3304372246
2023-02-01,21920.8,22072.18,21704.2,22072.18,2548571010
2023-02-02,22276.23,22310.62,21931.51,21958.36,2401245572
2023-02-03,21811.08,21818.61,21460.94,21660.47,2414664696
2023-02-06,21349.17,21349.17,21085.97,21222.16,2314469838
2023-02-07,21288.39,21511.2,21260.24,21298.7,1777941960
2023-02-08,21283.9,21440.05,21180.71,21283.52,1894498934
2023-02-09,21154.25,21633.63,21153.24,21624.36,1933829716
2023-02-10,21559.44,21575.42,21157.78,21190.42,1782692013
2023-02-13,20910.08,21227.63,20800.71,21164.42,1772633955
2023-02-14,21235.92,21235.92,21076.09,21113.76,1408732248
2023-02-15,21116.84,21116.84,20729.3,20812.17,2143024238
2023-02-16,20947.07,21302.51,20891.56,20987.67,2180463755
2023-02-17,20958.63,21048.55,20705.4,20719.81,1631650781
2023-02-20,20681.47,20973.42,20608.02,20886.96,1915367512
2023-02-21,20859.5,20938.83,20505.27,20529.49,2004601064
2023-02-22,20512.49,20619.28,20344.86,20423.84,1766388342
2023-02-23,20339.15,20601.13,20323.24,20351.35,1729748404
2023-02-24,20223.67,20233.64,20009.41,20010.04,2061880113
2023-02-27,19821.03,20086.4,19815.5,19943.51,1897627262
2023-02-28,20020.17,20183.95,19784.14,19785.94,2751875253
2023-03-01,19849.97,20672.82,19849.97,20619.71,2889639695
2023-03-02,20390.02,20548.57,20324.71,20429.46,1992565483
2023-03-03,20703.14,20722.07,20498.61,20567.54,2226145373
2023-03-06,20437.87,20701.72,20410.51,20603.19,2485355764
2023-03-07,20606.83,21002.11,20361.01,20534.48,3634829667
2023-03-08,20256.89,20268.77,19971.4,20051.25,2643542867
2023-03-09,20082.42,20155.02,19909.07,19925.74,2193340426
2023-03-10,19580.78,19636.18,19283.43,19319.92,3587989843
2023-03-13,19411.88,19790.4,19391.36,19695.97,3133739962
2023-03-14,19524.51,19639.52,19122.94,19247.96,3027393699
2023-03-15,19523.49,19742.74,19431.09,19539.87,2633910800
2023-03-16,19197.97,19387.04,19110.59,19203.91,3047393408
2023-03-17,19439.84,19595.7,19303.64,19518.59,4332277023
2023-03-20,19352.9,19375.35,18832.39,19000.71,2839042604
2023-03-21,19118.87,19295.64,19018.95,19258.76,1929683811
2023-03-22,19428.36,19773.47,19428.36,19591.43,2364133160
2023-03-23,19619.74,20049.64,19524.25,20049.64,2531213242
2023-03-24,19919.65,20114.73,19834.45,19915.68,2306893950
2023-03-27,19851.79,19936.54,19509.49,19567.69,2503607366
2023-03-28,19688.31,19875.07,19560.02,19784.65,1935094171
2023-03-29,20348.64,20433.26,20109.64,20192.4,2597427439
2023-03-30,20216.79,20317.81,20018.17,20309.13,2981984584
2023-03-31,20583.88,20718.66,20359.43,20400.11,3044982803
2023-04-03,20379.5,20475.43,20228.41,20409.18,2651152317
2023-04-04,20364.36,20364.36,20127.71,20274.59,2415282785
2023-04-06,20146.22,20331.2,20099.48,20331.2,2143238716
2023-04-11,20566.59,20750.73,20293.37,20485.24,3064229828
2023-04-12,20481.53,20490.7,20236.92,20309.86,2351926744
2023-04-13,19977.96,20344.48,19891.26,20344.48,2329727571
2023-04-14,20422.72,20481.58,20298.36,20438.81,2086262156
2023-04-17,20374.51,20861.29,20299.15,20782.45,3411232568
2023-04-18,20643.41,20740.71,20560.03,20650.51,2349659010
2023-04-19,20633,20633,20336.71,20367.76,2183749591
2023-04-20,20354.83,20472.5,20310.92,20396.97,2047181563
2023-04-21,20330.15,20376.64,19975.7,20075.73,2494223883
2023-04-24,20049.87,20145.02,19735.51,19959.94,2247902013
2023-04-25,19903.53,19910.01,19530.13,19617.88,2196274452
2023-04-26,19520.97,19902.4,19520.97,19757.27,1941042630
2023-04-27,19736.35,19877.43,19662.64,19840.28,2150453975
2023-04-28,19936.02,20165.57,19879.37,19894.57,2574855547
2023-05-02,20122.9,20280.96,19762.35,19933.81,1459412914
2023-05-03,19686.15,19721.96,19541.5,19699.16,1460653593
2023-05-04,19695.73,19978.05,19695.73,19948.73,3206294275
2023-05-05,20061,20203.9,19970.09,20049.31,3321243021
2023-05-08,20128.18,20320.33,20082.18,20297.03,4288098858
2023-05-09,20252.13,20296.46,19819.99,19867.58,4037919431
2023-05-10,19860.5,19878.68,19696.59,19762.2,2779518657
2023-05-11,19842.98,19854.01,19569.58,19743.79,2213792378
2023-05-12,19850.84,19853.12,19598.3,19627.24,2284179035
2023-05-15,19525.06,20061.75,19498.04,19971.13,2580074444
2023-05-16,20183.28,20183.28,19896.26,19978.25,1720897693
2023-05-17,19956.13,19984.52,19538.09,19560.57,2258030544
2023-05-18,19702.73,19894.23,19632.71,19727.25,2095394129
2023-05-19,19535.49,19609.44,19355.74,19450.57,1947230899
2023-05-22,19479.06,19806.44,19414.05,19678.17,1677939576
2023-05-23,19713.46,19768.32,19366.33,19431.25,1888538647
2023-05-24,19279.39,19302.61,19047.76,19115.93,2476667164
2023-05-25,18930.23,18930.23,18622.9,18746.92,2792438726
2023-05-29,18746.92,18874.78,18521.11,18551.11,2196594653
2023-05-30,18551.11,18665.29,18369.93,18595.78,2244979996
2023-05-31,18595.78,18595.78,18044.98,18234.27,4372923687
2023-06-01,18234.27,18464.6,18190.27,18216.91,2622765042
2023-06-02,18216.91,19024.91,18216.91,18949.94,3731528035
2023-06-05,18949.94,19121.38,18900.56,19108.5,2096394521
2023-06-06,19108.5,19376.9,19034.48,19099.28,2263636567
2023-06-07,19099.28,19410.48,19099.28,19252,2156059085
2023-06-08,19252,19339.82,19093.86,19299.18,2212103213
2023-06-09,19299.18,19460.96,19231.13,19389.95,2003013399
2023-06-12,19389.95,19440.99,19257.12,19404.31,1688193112
2023-06-13,19404.31,19569.85,19273.65,19521.42,2466291712
2023-06-14,19521.42,19641.16,19353.71,19408.42,2482612813
2023-06-15,19408.42,19830.4,19408.42,19828.92,2657480308
2023-06-16,19828.92,20151.21,19828.92,20040.37,3582368688
2023-06-19,20040.37,20040.37,19719.13,19912.89,1906054327
2023-06-20,19912.89,19912.89,19505.95,19607.08,2121671909
2023-06-21,19607.08,19607.08,19174.53,19218.35,1995615884
2023-06-23,19218.35,19218.35,18800.65,18889.97,1689313416
2023-06-26,18889.97,19001.39,18768.68,18794.13,2066052198
2023-06-27,18794.13,19224.89,18794.13,19148.13,2059536319
2023-06-28,19148.13,19220.11,19022.24,19172.05,1675196466
2023-06-29,19172.05,19180.28,18844.3,18934.36,1690353429
2023-06-30,18934.36,19068.28,18841.4,18916.43,1869555186
2023-07-03,18916.43,19370.48,18916.43,19306.59,2214447466
2023-07-04,19306.59,19447.71,19256,19415.68,1987401186
2023-07-05,19415.68,19415.68,19095.76,19110.38,2432611137
2023-07-06,19110.38,19110.38,18484,18533.05,3277132317
2023-07-07,18533.05,18537.75,18281.23,18365.7,2463266084
2023-07-10,18365.7,18781.21,18365.7,18479.72,1953461512
2023-07-11,18479.72,18806.19,18479.72,18659.83,2114932416
2023-07-12,18659.83,18931.09,18659.83,18860.95,1818311762
2023-07-13,18860.95,19367.04,18860.95,19350.62,2729756509
2023-07-14,19350.62,19534.82,19350.62,19413.78,2460070681
2023-07-18,19413.78,19413.78,18982.41,19015.72,2591229609
2023-07-19,19015.72,19015.72,18712.76,18952.31,1982969595
2023-07-20,18952.31,19209.23,18889.62,18928.02,1807926370
2023-07-21,18928.02,19169.68,18888.82,19075.26,1637013177
2023-07-24,19075.26,19075.26,18563.72,18668.15,2212871929
2023-07-25,18668.15,19465.27,18668.15,19434.4,3670886970
2023-07-26,19434.4,19434.4,19245.86,19365.14,2136512594
2023-07-27,19365.14,19685.72,19365.14,19639.11,3028767060
2023-07-28,19639.11,19931.52,19381.9,19916.56,3094859925
2023-07-31,19916.56,20355.95,19916.56,20078.94,4327872976
2023-08-01,20078.94,20331.28,19892.98,20011.12,3013635305
2023-08-02,20011.12,20011.12,19475.15,19517.38,2958227787
2023-08-03,19517.38,19645.68,19370.45,19420.87,2488071379
2023-08-04,19420.87,19852.07,19420.87,19539.46,2771467657
2023-08-07,19539.46,19581.82,19355.02,19537.92,2277019443
2023-08-08,19537.92,19537.92,19112.71,19184.17,3491048539
2023-08-09,19184.17,19269.42,19059.19,19246.03,2264244810
2023-08-10,19246.03,19314.03,19031.51,19248.26,2598340581
2023-08-11,19248.26,19346.29,19049.92,19075.19,3363828329
2023-08-14,19075.19,19075.19,18556.71,18773.55,3890510412
2023-08-15,18773.55,18773.55,18516.71,18581.11,2668372248
2023-08-16,18581.11,18581.11,18267.81,18329.3,2823625498
2023-08-17,18329.3,18397.35,17905.84,18326.63,3160942881
2023-08-18,18326.63,18335.37,17939.12,17950.85,3049414028
2023-08-21,17950.85,17950.85,17588.03,17623.29,3141863931
2023-08-22,17623.29,17965.26,17574.73,17791.01,2895653766
2023-08-23,17791.01,17997.97,17732.9,17845.92,2499731880
2023-08-24,17845.92,18271.67,17845.92,18212.17,2758913229
2023-08-25,18212.17,18212.17,17956.38,17956.38,2467696811
2023-08-28,17956.38,18543.89,17956.38,18130.74,2985842233
2023-08-29,18130.74,18582.07,18130.74,18484.03,3071235602
2023-08-30,18484.03,18739.79,18428.07,18482.86,3288670871
2023-08-31,18482.86,18663.28,18317.63,18382.06,4074881200
2023-09-04,18382.06,18895.63,18382.06,18844.16,5736450584
2023-09-05,18844.16,18844.16,18433.54,18456.91,2315663850
2023-09-06,18456.91,18490.88,18256.1,18449.98,2352887717
2023-09-07,18449.98,18449.98,18174.14,18202.07,2123306878
2023-09-11,18202.07,18202.07,17844.98,18096.45,2522422854
2023-09-12,18096.45,18143.36,17892.34,18025.89,1887139100
2023-09-13,18025.89,18196.81,17955.52,18009.22,1865961167
2023-09-14,18009.22,18173.54,17929.98,18047.92,2013840823
2023-09-15,18047.92,18370.49,18033.68,18182.89,2781390650
2023-09-18,18182.89,18182.89,17901.06,17930.55,1691546499
2023-09-19,17930.55,18000.59,17832.92,17997.17,1778221775
2023-09-20,17997.17,17997.17,17833.76,17885.6,1657120136
2023-09-21,17885.6,17885.6,17625.31,17655.41,2046449633
2023-09-22,17655.41,18078.69,17574.57,18057.45,1924148893
2023-09-25,18057.45,18057.45,17727.85,17729.29,1552391293
2023-09-26,17729.29,17729.29,17451.01,17466.9,1909387125
2023-09-27,17466.9,17654.12,17466.9,17611.87,1571624327
2023-09-28,17611.87,17627.24,17354.54,17373.03,1997138803
2023-09-29,17373.03,17935.15,17373.03,17809.66,1839910280
2023-10-03,17809.66,17809.66,17212.87,17331.22,2102883980
2023-10-04,17331.22,17331.22,17096.11,17195.84,1294655037
2023-10-05,17195.84,17335.46,17195.84,17213.87,1088259898
2023-10-06,17213.87,17602.27,17213.87,17485.98,1141209956
2023-10-09,17485.98,17632,17448.03,17517.4,1221298004
2023-10-10,17517.4,17915.59,17517.4,17664.73,1596847248
2023-10-11,17664.73,18021.74,17664.73,17893.1,2029133726
2023-10-12,17893.1,18288.98,17893.1,18238.21,3861574899
2023-10-13,18238.21,18238.21,17783.64,17813.45,2139651209
2023-10-16,17813.45,17857.21,17604.85,17640.36,1904582496
2023-10-17,17640.36,17815.44,17640.36,17773.34,1730954866
2023-10-18,17773.34,17829.8,17626.14,17732.52,1937541157
2023-10-19,17732.52,17732.52,17293.77,17295.89,2272465515
2023-10-20,17295.89,17308.36,17120.97,17172.13,1989910722
2023-10-24,17172.13,17172.13,16882.29,16991.53,2116174037
2023-10-25,16991.53,17465.82,16991.53,17085.33,2499934148
2023-10-26,17085.33,17168.29,16918.86,17044.61,1967215933
2023-10-27,17044.61,17495.95,17044.61,17398.73,2452090259
2023-10-30,17225.65,17406.36,17225.65,17406.36,2665231306
2023-10-31,17337.7,17337.7,17043.57,17112.48,2112803502
2023-11-01,17139.4,17188.85,16982.13,17101.78,1529284037
2023-11-02,17282.39,17458.31,17177.19,17230.59,1802714567
2023-11-03,17405.91,17726.05,17365.61,17664.12,1998722413
2023-11-06,17913.54,18037.94,17900.61,17966.59,2764092067
2023-11-07,17850.59,17888.32,17661.58,17670.16,1971243282
2023-11-08,17650.51,17752.76,17540.48,17568.46,2140777848
2023-11-09,17519.78,17550.3,17492.62,17511.29,1643795487
2023-11-10,17350.87,17350.87,17177.53,17203.26,1674484513
2023-11-13,17263,17450.73,17127.22,17426.21,1440269453
2023-11-14,17495.1,17564.69,17359.01,17396.86,1449317955
2023-11-15,17836.65,18095.99,17766.66,18079,2908679690
2023-11-16,18174.69,18174.69,17724.81,17832.82,1880199422
2023-11-17,17584.32,17623.02,17413.46,17454.19,1945034778
2023-11-20,17625.84,17788.9,17533.26,17778.07,1964565561
2023-11-21,17932.54,18056.82,17690.95,17733.89,2090432208
2023-11-22,17736.4,17795.07,17651.69,17734.6,1235837733
2023-11-23,17680.05,17926.61,17578.11,17910.84,1671974330
2023-11-24,17771.75,17771.75,17546.49,17559.42,1298211805
2023-11-27,17677.52,17677.52,17358.93,17525.06,1502728346
2023-11-28,17541.48,17541.48,17305.84,17354.14,1785765457
2023-11-29,17359.08,17359.08,16881.98,16993.44,2810136524
2023-11-30,16985.18,17067.8,16863.62,17042.88,3013993347
2023-12-01,17019.17,17038.38,16830.3,16830.3,2434410769
2023-12-04,16919.08,16939.9,16617.19,16646.05,2476132316
2023-12-05,16606.54,16606.54,16228.69,16327.86,2682379652
2023-12-06,16311.96,16597.68,16235.82,16463.26,1986768949
2023-12-07,16376.44,16376.44,16158.59,16345.89,1947345737
2023-12-08,16373.44,16462.74,16252.06,16334.37,1877235665
2023-12-11,16149.06,16274.86,15972.31,16201.49,2532290566
2023-12-12,16236.06,16420.7,16158.55,16374.5,1980791715
2023-12-13,16311.71,16317.56,16146.04,16228.75,1863333081
2023-12-14,16419.74,16573.23,16319.47,16402.19,2341652020
2023-12-15,16610.7,16961.6,16610.7,16792.19,3900268458
2023-12-18,16669.82,16711.93,16573.09,16629.23,1566620008
2023-12-19,16551.44,16579.55,16409.48,16505,1521452777
2023-12-20,16647.95,16739.39,16552.64,16613.81,1647320742
2023-12-21,16455.14,16648.32,16449.27,16621.13,1404417159
2023-12-22,16743.06,16855.63,16271.5,16340.41,2197553914
2023-12-27,16561.78,16673.23,16440.3,16624.84,2228051277
2023-12-28,16678.23,17085.54,16644.43,17043.53,2301329436
2023-12-29,17066.52,17094.04,16952.46,17047.39,1570052952
2024-01-02,17135.12,17135.12,16725.39,16788.55,1720670039
2024-01-03,16624.92,16657.45,16566.11,16646.41,1577461730
2024-01-04,16673.4,16673.4,16516.49,16645.98,1789349314
2024-01-05,16573.12,16743.44,16457.82,16535.33,1936599807
2024-01-08,16581.86,16590.28,16144.56,16224.45,2227171994
2024-01-09,16256.1,16412.13,16190.02,16190.02,1937380474
2024-01-10,16143.97,16246.78,16038.46,16097.28,1788113657
2024-01-11,16154.17,16458.27,16106.83,16302.04,1970866134
2024-01-12,16216.97,16393.73,16192.86,16244.58,1534599847
2024-01-15,16258.28,16334.71,16104.5,16216.33,1368415387
2024-01-16,16030.25,16196.09,15836.08,15865.92,2139164067
2024-01-17,15764.38,15764.38,15195.74,15276.9,3952310089
2024-01-18,15301.19,15460.4,15185.66,15391.79,2815986969
2024-01-19,15404.69,15539.81,15213.54,15308.69,2242257298
2024-01-22,15349.05,15354.61,14801.43,14961.18,2812384587
2024-01-23,15038.33,15516.63,14997.02,15353.98,2804009734
2024-01-24,15602.45,15975.11,15414.11,15899.87,3597683499
2024-01-25,15989.94,16252.6,15830.08,16211.96,4096404839
2024-01-26,16158.72,16238.72,15889.81,15952.23,3314021466
2024-01-29,16046.25,16247.8,16012.59,16077.24,2923198783
2024-01-30,15896.66,15896.66,15656.1,15703.45,2565524380
2024-01-31,15652.05,15742.43,15412.84,15485.07,2594937768
2024-02-01,15522.86,15802.45,15437.37,15566.21,2454568093
2024-02-02,15756.12,15899.73,15437.2,15533.56,2475955192
2024-02-05,15336.86,15669.45,15336.86,15510.01,2313277264
2024-02-06,15541.23,16152.28,15541.23,16136.87,3314171062
2024-02-07,16282.39,16406.21,16038.75,16081.89,2809645103
2024-02-08,15988.62,16092.94,15822.65,15878.07,1940615107
2024-02-09,15709.3,15754,15536.32,15746.58,745466364
2024-02-14,15579.41,15910.13,15459.75,15879.38,1403032775
2024-02-15,15824.21,16025.28,15753.21,15944.63,1056900197
2024-02-16,16007.54,16392.62,15938.76,16339.96,1742961115
2024-02-19,16334.47,16334.47,16139.04,16155.61,2185820794
2024-02-20,16222.09,16247.51,16059.33,16247.51,2205924383
2024-02-21,16182.93,16755.7,16144.18,16503.1,3844263020
2024-02-22,16489.84,16742.95,16427.06,16742.95,2739673183
2024-02-23,16654.68,16892.27,16654.68,16725.86,2903143800
2024-02-26,16684.96,16774.73,16590.71,16634.74,2253549698
2024-02-27,16645.63,16824.97,16453.77,16790.8,2423909616
2024-02-28,16833.61,16838.89,16526.11,16536.85,2587721752
2024-02-29,16429.57,16693.03,16429.57,16511.44,3380825475
2024-03-01,16390.89,16647.23,16328.81,16589.44,2880658545
2024-03-04,16629.55,16644.58,16475.58,16595.97,2519017890
2024-03-05,16343.95,16450.37,16099.93,16162.64,2697889480
2024-03-06,16167.45,16544.36,16149.87,16438.09,2488701083
2024-03-07,16476.22,16504.15,16140.96,16229.78,2535414334
2024-03-08,16275.39,16483.62,16275.39,16353.39,2596313293
2024-03-11,16463.36,16618.13,16451.5,16587.57,2494031008
2024-03-12,16701.95,17154.41,16615.51,17093.5,4001753000
2024-03-13,17059.11,17214.48,17051.04,17082.11,2801014022
2024-03-14,17120.54,17209.82,16878.67,16961.66,2699096373
2024-03-15,16758.36,16818.39,16557.37,16720.89,3776694213
2024-03-18,16690.26,16797.32,16641.58,16737.12,2241776825
2024-03-19,16628.07,16682.54,16493.05,16529.48,2433582887
2024-03-20,16559.01,16654.05,16432.53,16543.07,2291672572
2024-03-21,16762.83,16968.08,16762.83,16863.1,3220967121
2024-03-22,16745.27,16747.2,16341.91,16499.47,3110411499
2024-03-25,16531.95,16612.64,16441.3,16473.64,2624506464
2024-03-26,16548.5,16726.04,16452.61,16618.32,2745765737
2024-03-27,16530.44,16607.58,16355.62,16392.84,2769889587
2024-03-28,16378.4,16723.74,16348.55,16541.42,3203421259
2024-04-02,16541.42,17005.87,16541.42,16931.52,3983141328
2024-04-03,16931.52,16931.52,16690.29,16725.1,2667363213
2024-04-05,16725.1,16838.88,16485.22,16723.92,1804396095
2024-04-08,16723.92,16895.06,16587.21,16732.85,2636773016
2024-04-09,16732.85,16993.48,16732.85,16828.07,2120056885
2024-04-10,16828.07,17187.92,16828.07,17139.17,2549074709
2024-04-11,17139.17,17140.08,16856.19,17095.03,2480545313
2024-04-12,17095.03,17095.03,16721.69,16721.69,2840321215
2024-04-15,16721.69,16721.69,16467.89,16600.46,2561790649
2024-04-16,16600.46,16600.46,16209.56,16248.97,3092911605
2024-04-17,16248.97,16310.74,16155.83,16251.84,2450525970
2024-04-18,16251.84,16507.01,16206.55,16385.87,3228014860
2024-04-19,16385.87,16385.87,16048.85,16224.14,3393743254
2024-04-22,16224.14,16635.64,16224.14,16511.69,2915063253
2024-04-23,16511.69,16846.08,16511.69,16828.93,2993655907
2024-04-24,16828.93,17217.8,16828.93,17201.27,3314752722
2024-04-25,17201.27,17435.06,17114.82,17284.54,3147284207
2024-04-26,17284.54,17751.65,17284.54,17651.15,3850968653
2024-04-29,17651.15,18030.24,17651.15,17746.91,4850882237
2024-04-30,17746.91,17901.35,17687.82,17763.03,3679962399
2024-05-02,17763.03,18215.93,17751.74,18207.13,2424963316
2024-05-03,18207.13,18603.07,18207.13,18475.92,2476085816
2024-05-06,18475.92,18589.72,18392.41,18578.3,3438627308
2024-05-07,18578.3,18638.81,18412.17,18479.37,2494399730
2024-05-08,18479.37,18603.72,18299.05,18313.86,2911676345
2024-05-09,18313.86,18560.31,18301.86,18537.81,2904974536
2024-05-10,18537.81,18990.72,18537.81,18963.68,6506899779
2024-05-13,18963.68,19123.48,18836.17,19115.06,3760625937
2024-05-14,19115.06,19300.04,19072.77,19073.71,3455242603
2024-05-16,19073.71,19442.9,19073.71,19376.53,5813458488
2024-05-17,19376.53,19599.39,19344.71,19553.61,4376057570
2024-05-20,19553.61,19705.98,19553.61,19636.22,3501238051
2024-05-21,19636.22,19636.22,19177.02,19220.62,3517186642
2024-05-22,19220.62,19357.3,19150,19195.6,2837605091
2024-05-23,19195.6,19195.6,18778.53,18868.71,3166005888
2024-05-24,18868.71,18868.71,18535.7,18608.94,3549017600
2024-05-27,18608.94,18871.13,18504.53,18827.35,2906070708
2024-05-28,18827.35,18998.65,18778.97,18821.16,2432705397
2024-05-29,18821.16,18821.16,18425.09,18477.01,3215579002
2024-05-30,18477.01,18537.38,18169.49,18230.19,3492796539
2024-05-31,18230.19,18549.04,18077.56,18079.61,5337054213
2024-06-03,18079.61,18573.81,18079.61,18403.04,3140936448
2024-06-04,18403.04,18539.99,18335.45,18444.11,2971466983
2024-06-05,18444.11,18724.62,18375.27,18424.96,3250804952
2024-06-06,18424.96,18700.68,18384.29,18476.8,2797746762
2024-06-07,18476.8,18570.49,18304.6,18366.95,3310059205
2024-06-11,18366.95,18366.95,17994.87,18176.34,3528461757
2024-06-12,18176.34,18176.34,17849.71,17937.84,3139463420
2024-06-13,17937.84,18172.36,17937.84,18112.63,2331253018
2024-06-14,18112.63,18112.63,17930.69,17941.78,2621288342
2024-06-17,17941.78,18121.62,17768.61,17936.12,2118421173
2024-06-18,17936.12,18041.06,17857.12,17915.55,2550030840
2024-06-19,17915.55,18446.86,17915.55,18430.39,3513293407
2024-06-20,18430.39,18517.16,18275.55,18335.32,2682897570
2024-06-21,18335.32,18335.32,17968.92,18028.52,3426213679
2024-06-24,18028.52,18030.11,17793.23,18027.71,2716259495
2024-06-25,18027.71,18230.94,17961.13,18072.9,2333709781
2024-06-26,18072.9,18155.39,17934.63,18089.93,2308525605
2024-06-27,18089.93,18089.93,17678.27,17716.47,2806087830
2024-06-28,17716.47,17864.78,17583.19,17718.61,2826596261
2024-07-02,17718.61,17985.06,17669.42,17769.14,3374290236
2024-07-03,17769.14,18017.76,17769.14,17978.57,3089691818
2024-07-04,17978.57,18132.76,17943.1,18028.28,2994630847
2024-07-05,18028.28,18105.01,17799.61,17799.61,2886550152
2024-07-08,17799.61,17799.61,17453.56,17524.06,2348970092
2024-07-09,17524.06,17616.98,17376.8,17523.23,2618911634
2024-07-10,17523.23,17765.7,17455.61,17471.67,2641974246
2024-07-11,17471.67,17861.58,17471.67,17832.33,2231597417
2024-07-12,17832.33,18316.51,17832.33,18293.38,3059027164
2024-07-15,18293.38,18293.38,17948.13,18015.94,2326339545
2024-07-16,18015.94,18015.94,17727.98,17727.98,2334968261
2024-07-17,17727.98,17804.99,17659.13,17739.41,2757015776
2024-07-18,17739.41,17863.3,17626.4,17778.41,2018291452
2024-07-19,17778.41,17778.41,17377.06,17417.68,2811638820
2024-07-22,17417.68,17691.41,17313.88,17635.88,2133630315
2024-07-23,17635.88,17699.48,17451.97,17469.36,2216455994
2024-07-24,17469.36,17512.9,17253.21,17311.05,2208182383
2024-07-25,17311.05,17311.05,16966.01,17004.97,2604392521
2024-07-26,17004.97,17228.34,16933.03,17021.31,2374210714
2024-07-29,17021.31,17358.66,17021.31,17238.34,2258413837
2024-07-30,17238.34,17238.34,16973.36,17002.91,2552688928
2024-07-31,17002.91,17395.95,17002.91,17344.6,2678950468
2024-08-01,17344.6,17408.48,17248.12,17304.96,1933874663
2024-08-02,17304.96,17304.96,16868.71,16945.51,2433818591
2024-08-05,16945.51,16945.51,16441.44,16698.36,3667470553
2024-08-06,16698.36,16907.94,16613.24,16647.34,2425957956
2024-08-07,16647.34,16987.15,16647.34,16877.86,2267420222
2024-08-08,16877.86,17022.11,16665.06,16891.83,2114356177
2024-08-09,16891.83,17251.84,16891.83,17090.23,2145406462
2024-08-12,17090.23,17153.64,17004.91,17111.65,1793074601
2024-08-13,17111.65,17247.86,17075.58,17174.06,1934995884
2024-08-14,17174.06,17247.47,17058.88,17113.36,1574533971
2024-08-15,17113.36,17281.61,16926.47,17109.14,2407027461
2024-08-16,17109.14,17472.29,17109.14,17430.16,2551716750
2024-08-19,17430.16,17684.56,17430.16,17569.57,2361570646
2024-08-20,17569.57,17661.69,17452.52,17511.08,1961800038
2024-08-21,17511.08,17511.08,17233.65,17391.01,2060224260
2024-08-22,17391.01,17652.22,17391.01,17641,2945729766
2024-08-23,17641,17641,17493.47,17612.1,2054121604
2024-08-26,17612.1,17826.05,17612.1,17798.73,1970098509
2024-08-27,17798.73,17878.52,17624.42,17874.67,2702698774
2024-08-28,17874.67,17877.84,17659.97,17692.45,2184592396
2024-08-29,17692.45,17794.41,17504.57,17786.32,2858172544
2024-08-30,17786.32,18202.28,17778.1,17989.07,4753806221
2024-09-02,17989.07,17989.07,17647.15,17691.97,3077120342
2024-09-03,17691.97,17725.51,17583.7,17651.49,2470760435
2024-09-04,17651.49,17651.49,17334.31,17457.34,2601237175
2024-09-05,17457.34,17555.61,17334.26,17444.3,2558634868
2024-09-09,17444.3,17444.3,17070.06,17196.96,3841864115
2024-09-10,17196.96,17296.35,17136.03,17234.09,2786726485
2024-09-11,17234.09,17234.09,16964.28,17108.71,3071142697
2024-09-12,17108.71,17333.1,17108.71,17240.39,2374153253
2024-09-13,17240.39,17540.81,17240.39,17369.09,2139977880
2024-09-16,17369.09,17422.12,17182.35,17422.12,1127924458
2024-09-17,17422.12,17713.68,17368.14,17660.02,1665721487
2024-09-19,17660.02,18070.65,17605.66,18013.16,3436673325
2024-09-20,18013.16,18353.29,18013.16,18258.57,4005306758
2024-09-23,18258.57,18426.02,18212.58,18247.11,2724524365
2024-09-24,18247.11,19001.36,18247.11,19000.56,6008421374
2024-09-25,19000.56,19592.43,19000.56,19129.1,6507488722
2024-09-26,19129.1,19954.06,19129.1,19924.58,7428256320
2024-09-27,19924.58,20738.93,19924.58,20632.3,9656093387
2024-09-30,20632.3,21486.27,20632.3,21133.68,10357062631
2024-10-02,21133.68,22653.02,21133.68,22443.73,7696286640
2024-10-03,22443.73,22484.04,21443.64,22113.51,4942180926
2024-10-04,22113.51,22741.72,21828.18,22736.87,4619951187
2024-10-07,22736.87,23237.79,22721.59,23099.78,5098397846
2024-10-08,23099.78,23099.78,20765.22,20926.79,11257877405
2024-10-09,20926.79,21416.71,20192.23,20637.24,7953635713
2024-10-10,20637.24,21620.12,20637.24,21251.98,6039902634
2024-10-14,21251.98,21348.6,20697.65,21092.87,5743337588
2024-10-15,21092.87,21092.87,20155.3,20318.79,4906378752
2024-10-16,20318.79,20545.35,20144.75,20286.85,4158739953
2024-10-17,20286.85,20782.21,19978.73,20079.1,3646903497
2024-10-18,20079.1,20945.38,20060.36,20804.11,4586214291
2024-10-21,20804.11,20830.44,20423.67,20478.46,3775033349
2024-10-22,20478.46,20629.48,20381.41,20498.95,2556580451
2024-10-23,20498.95,20942.26,20448.84,20760.15,3541993922
2024-10-24,20760.15,20760.15,20450.65,20489.62,2725564497
2024-10-25,20489.62,20784.47,20489.62,20590.15,2984626440
2024-10-28,20592.74,20667.65,20431.11,20599.36,2978623686
2024-10-29,20729.98,20889.15,20569.29,20701.14,3137711296
2024-10-30,20586.55,20674.77,20284.69,20380.64,3626539193
2024-10-31,20414.2,20552.89,20317.33,20317.33,3238219106
2024-11-01,20427.88,20667.09,20353.34,20506.43,3278798981
2024-11-04,20584.45,20616.4,20456.7,20567.52,2463562648
2024-11-05,20409.94,21006.97,20409.94,21006.97,3147326131
2024-11-06,20791.8,20857.58,20362.64,20538.38,3903889847
2024-11-07,20386.36,20986.31,20375.8,20953.34,4317469140
2024-11-08,21199.96,21313.27,20705.42,20728.19,4153511083
2024-11-11,20258.14,20498.19,20151.38,20426.93,3649659182
2024-11-12,20334.09,20511.04,19761.31,19846.88,4319462098
2024-11-13,19671.92,19839.7,19608.58,19823.45,2862285736
2024-11-14,19626.26,19858.62,19394.93,19435.81,3309999446
2024-11-15,19503.03,19607.32,19334.04,19426.34,2947180683
2024-11-18,19595.5,19779.34,19473.32,19576.61,3176437999
2024-11-19,19699.81,19757.12,19524.54,19663.67,2529912317
2024-11-20,19623.39,19752.91,19581.9,19705.01,2057518921
2024-11-21,19646.04,19764.35,19562.35,19601.11,2079193171
2024-11-22,19613.55,19711.33,19136.2,19229.97,3237627675
2024-11-25,19307.34,19346.38,19103.36,19150.99,4385585600
2024-11-26,19054.4,19294.05,19054.4,19159.2,2384715125
2024-11-27,19187.05,19657.36,19063.35,19603.13,2374798853
2024-11-28,19558.18,19558.18,19312.26,19366.96,2160790702
2024-11-29,19346.62,19654.71,19313.46,19423.61,2487645662
2024-12-02,19442.31,19688.95,19387.2,19550.29,2392348543
2024-12-03,19585.35,19761.44,19390.01,19746.32,2625267861
2024-12-04,19722.15,19821.29,19618.19,19742.46,2589126492
2024-12-05,19578.66,19641.66,19466.74,19560.44,2007506368
2024-12-06,19611.62,19933.48,19573.08,19865.85,3493293385
2024-12-09,19732.28,20429.43,19698.38,20414.09,3960641628
2024-12-10,21070.05,21070.05,20309.03,20311.28,4472372121
2024-12-11,20404.5,20478.96,20102.06,20155.05,2300069610
2024-12-12,20213.24,20537.17,20123.34,20397.05,2777100235
2024-12-13,20238.21,20238.21,19932.92,19971.24,3106773304
2024-12-16,19947.23,20041.95,19728.33,19795.49,2699601471
2024-12-17,19678.03,19930.09,19622.99,19700.48,2787060722
2024-12-18,19884.54,19953.43,19803.22,19864.55,2288116401
2024-12-19,19610.1,19848.06,19592.67,19752.51,2385033803
2024-12-20,19697.06,19875.55,19692.68,19720.7,3501199325
2024-12-23,19843.65,19935.49,19750.66,19883.13,3403593966
2024-12-24,19911.5,20165.46,19908.57,20098.29,2206525165
2024-12-27,20083.44,20178.33,20012.75,20090.46,2906584614
2024-12-30,20124.75,20193.09,19970.31,20041.42,2724936839
2024-12-31,20003.36,20179.29,20003.36,20059.95,1722099901
2025-01-02,19932.8,19932.8,19542.98,19623.32,4033352437
2025-01-03,19708.74,19891.52,19634.82,19760.27,3393771018
2025-01-06,19848.71,19848.71,19627.84,19688.29,2465705731
2025-01-07,19501.45,19668.65,19256.27,19447.58,3580950400
2025-01-08,19390.76,19476.41,19117.41,19279.84,3232400497
2025-01-09,19254.38,19405.74,19227.73,19240.89,2456497932
2025-01-10,19328.07,19366.88,19036.64,19064.29,2606698755
2025-01-13,18918.15,18927.61,18678.21,18874.14,2754791925
2025-01-14,18901.56,19316.62,18901.56,19219.78,2838563125
2025-01-15,19149.94,19318.67,19149.94,19286.07,2451865068
2025-01-16,19454.92,19661.52,19345.19,19522.89,2710671595
2025-01-17,19499.1,19640.37,19425.8,19584.06,2435750903
2025-01-20,19804.64,20089.69,19793.81,19925.81,2764367062
2025-01-21,20128.34,20202.49,19920.31,20106.55,2412101022
2025-01-22,19997.09,20018.19,19734.06,19778.77,2282068518
2025-01-23,19881.32,20043.24,19646.12,19700.56,3059665407
2025-01-24,19842.85,20141.62,19768.76,20066.19,3209801337
2025-01-27,20118.02,20292.92,20118.02,20197.77,2751204646
2025-01-28,20337.46,20337.46,20165.73,20225.11,945165052
2025-02-03,20048.87,20220.89,19774.71,20217.26,2224419940
2025-02-04,20488.29,20878.64,20300.32,20789.96,2854047416
2025-02-05,20827.77,20827.77,20420.63,20597.09,2967877099
2025-02-06,20598.98,20891.62,20532.93,20891.62,2957434753
2025-02-07,20858.52,21211.02,20808.27,21133.54,4125560676
2025-02-10,21223.61,21539.63,21223.61,21521.98,3736110678
2025-02-11,21656.82,21677.92,21282.94,21294.86,3583384363
2025-02-12,21526.41,21858.31,21421.58,21857.92,4872965880
2025-02-13,21958.69,22520.78,21737.5,21814.37,6487223577
2025-02-14,22027.07,22620.33,22027.07,22620.33,6056957153
2025-02-17,22755.06,22976.97,22321.77,22616.23,6736174929
2025-02-18,22664.73,23135.42,22614.56,22976.81,5222617515
2025-02-19,22777.46,22974.64,22652.59,22944.24,4080380785
2025-02-20,22716.71,22846.77,22436.18,22576.98,4200436892
2025-02-21,23090.03,23477.92,22904.18,23477.92,6167286427
2025-02-24,23472.14,23679.73,23224.04,23341.61,5264639339
2025-02-25,22716.48,23244.83,22716.48,23034.02,4449761400
2025-02-26,23238.34,23968.33,23238.34,23787.93,5138075387
2025-02-27,23783.75,24074.43,23456.73,23718.29,6256972936
2025-02-28,23616.18,23616.18,22803.18,22941.32,6578327970
2025-03-03,23135.12,23402.86,22865.92,23006.27,4338235946
2025-03-04,22678.25,23048.25,22548.72,22941.77,3994826338
2025-03-05,23200.42,23633.59,23090.79,23594.21,4077656046
2025-03-06,23987.09,24410.93,23987.09,24369.71,4886267551
2025-03-07,24182.02,24657.71,24067.05,24231.3,4830822699
2025-03-10,24115.98,24291.58,23634.03,23783.49,3684249616
2025-03-11,23274.86,23855.41,23265.28,23782.14,3554137489
2025-03-12,23859.23,23957.8,23366.57,23600.31,3632712894
2025-03-13,23616.33,23709.37,23198.89,23462.65,3231281249
2025-03-14,23653.33,24105.21,23465.28,23959.98,4260065487
2025-03-17,24226,24352.22,24079.75,24145.57,3284154396
2025-03-18,24679.35,24742.64,24476.98,24740.57,3930667150
2025-03-19,24697.63,24871.03,24603.77,24771.14,3593000989
2025-03-20,24753.15,24753.15,24188.21,24219.95,4102246792
2025-03-21,24109.07,24230.72,23577.78,23689.72,4931006607
2025-03-24,23749.58,23963.52,23531.82,23905.56,3386124311
2025-03-25,23643.32,23746.07,23324.09,23344.25,4234395000
2025-03-26,23460.31,23594.23,23351.53,23483.32,3116620177
2025-03-27,23543.86,23863.65,23375.18,23578.8,3790121920
2025-03-28,23672.82,23771.02,23256.53,23426.6,3540792640
2025-03-31,23426.6,23426.6,23003.27,23119.58,4752815958
2025-04-01,23119.58,23451.27,23119.58,23206.84,3979666548
2025-04-02,23206.84,23390.07,22983.8,23202.53,3573452326
2025-04-03,23202.53,23202.53,22638.21,22849.81,4249906647
2025-04-07,22849.81,22849.81,19707.57,19828.3,12686536120
2025-04-08,19828.3,20447.38,19751.8,20127.68,8420728911
2025-04-09,20127.68,20441.14,19277.19,20264.49,8672350327
2025-04-10,20264.49,21207.34,20264.49,20681.78,6611812404
2025-04-11,20681.78,21117.1,20445.83,20914.69,5139238172
2025-04-14,20914.69,21517.32,20914.69,21417.4,4538263870
2025-04-15,21417.4,21603.52,21302.01,21466.27,2942774480
2025-04-16,21466.27,21466.27,20874.43,21056.98,3441790279
2025-04-17,21056.98,21416.17,21045.02,21395.14,2892828471
2025-04-22,21395.14,21591.06,21195.51,21562.32,3883646515
2025-04-23,21562.32,22138.15,21562.32,22072.62,3585310800
2025-04-24,22072.62,22090.43,21716.71,21909.76,2985810921
2025-04-25,21909.76,22265.8,21909.76,21980.74,3025705709
2025-04-28,21980.74,22072.35,21818.44,21971.96,2465991596
2025-04-29,21971.96,22213.51,21930.71,22008.11,3045158196
2025-04-30,22008.11,22129.27,21850.9,22119.41,4682250634
2025-05-02,22119.41,22532.54,22069.01,22504.68,1830958981
2025-05-06,22504.68,22747.63,22460.72,22662.71,3317364168
2025-05-07,22662.71,23169.83,22662.71,22691.88,3694148184
2025-05-08,22691.88,22978.12,22589.13,22775.92,2773683078
2025-05-09,22775.92,22904.19,22693.66,22867.74,2635923463
2025-05-12,22867.74,23679.85,22867.74,23549.46,5161387205
2025-05-13,23549.46,23549.46,23074.37,23108.27,3475931768
2025-05-14,23108.27,23640.65,23108.27,23640.65,3742901748
2025-05-15,23640.65,23710.01,23371.73,23453.16,2887639024
2025-05-16,23453.16,23453.16,23191.65,23345.05,2759491783
2025-05-19,23345.05,23401.01,23059.89,23332.72,2814000151
2025-05-20,23332.72,23709.04,23332.72,23681.48,3290642097
2025-05-21,23681.48,23913.75,23681.48,23827.78,3463664180
2025-05-22,23827.78,23827.78,23473.07,23544.31,3397745762
2025-05-23,23544.31,23747.75,23490.24,23601.26,3348650123
2025-05-26,23601.26,23601.26,23237.08,23282.33,3381834870
2025-05-27,23282.33,23419.55,23170.63,23381.99,3081428493
2025-05-28,23381.99,23474.91,23181.47,23258.31,2874680516
2025-05-29,23258.31,23596.19,23214.67,23573.38,3711279563
2025-05-30,23573.38,23573.38,23163.45,23289.77,5293509505
2025-06-02,23289.77,23289.77,22669.56,23157.97,2309329713
2025-06-03,23157.97,23535.37,23157.97,23512.49,3676273909
2025-06-04,23512.49,23710.12,23487.88,23654.03,3498684116
2025-06-05,23654.03,23911.14,23654.03,23906.97,3272646055
2025-06-06,23906.97,23946.18,23773.67,23792.54,4376667599
2025-06-09,23792.54,24181.43,23792.54,24181.43,3987156086
2025-06-10,24181.43,24293.78,24005.79,24162.87,3685221481
2025-06-11,24162.87,24439.35,24162.87,24366.94,3703331785
2025-06-12,24366.94,24366.94,24006.04,24035.38,4328661860
2025-06-13,24035.38,24094.5,23775.84,23892.56,4926028650
2025-06-16,23892.56,24120.49,23732.47,24060.99,3825923408
2025-06-17,24060.99,24129.47,23882.92,23980.3,3374247028
2025-06-18,23980.3,23980.3,23631.48,23710.69,3264300692
2025-06-19,23710.69,23710.69,23191.6,23237.74,3871863139
2025-06-20,23237.74,23538.35,23237.74,23530.48,4801509604
2025-06-23,23530.48,23689.13,23273.03,23689.13,3225939660
2025-06-24,23689.13,24227.09,23689.13,24177.07,3995666312
2025-06-25,24177.07,24531.33,24177.07,24474.67,3724326760
2025-06-26,24474.67,24474.67,24235.54,24325.4,3258467117
2025-06-27,24325.4,24467.59,24195.97,24284.15,4341563711
2025-06-30,24284.15,24284.15,24067.26,24072.28,3775880350
2025-07-02,24072.28,24368.41,24072.28,24221.41,4061333960
2025-07-03,24221.41,24263.28,23925.08,24069.94,3594906725
2025-07-04,24069.94,24069.94,23694.68,23916.06,4021196253
2025-07-07,23916.06,23916.06,23715.13,23887.83,2516509423
2025-07-08,23887.83,24156.98,23887.83,24148.07,3039866123
2025-07-09,24148.07,24148.07,23827.88,23892.32,3197623636
2025-07-10,23892.32,24083.92,23823.11,24028.37,3501146588
2025-07-11,24028.37,24504.29,24028.37,24139.57,4142013028
2025-07-14,24139.57,24266.16,24098.32,24203.32,2730322048
2025-07-15,24203.32,24590.12,24142.68,24590.12,3774894197
2025-07-16,24590.12,24867.81,24517.76,24517.76,3381733454
2025-07-17,24517.76,24672.02,24449.93,24498.95,3208346281
2025-07-18,24498.95,24825.66,24498.95,24825.66,2904191753
2025-07-21,24825.66,25010.9,24825.66,24994.14,3608988949
2025-07-22,24994.14,25130.03,24904.78,25130.03,3822401637
2025-07-23,25130.03,25538.07,25130.03,25538.07,4139832721
2025-07-24,25538.07,25734.06,25502.49,25667.18,3595688014
2025-07-25,25667.18,25667.18,25357.04,25388.35,3406346862
2025-07-28,25388.35,25662.29,25388.35,25562.13,3425359196
2025-07-29,25562.13,25562.13,25253.68,25524.45,3744980865
2025-07-30,25524.45,25524.45,25085.92,25176.93,4667584781
2025-07-31,25176.93,25176.93,24745.91,24773.33,4186418732
2025-08-01,24773.33,24851.08,24507.63,24507.81,3765292313
2025-08-04,24507.81,24746.26,24373.65,24733.45,2851318701
2025-08-05,24733.45,24924.72,24689.12,24902.53,3058046710
2025-08-06,24902.53,24999.87,24809.09,24910.63,2449815959
2025-08-07,24910.63,25113.4,24824.81,25081.63,2937825771
2025-08-08,25081.63,25081.63,24812.34,24858.82,2487390401
2025-08-11,24858.82,24967.96,24775.73,24906.81,2525234678
2025-08-12,24906.81,25012.92,24804.24,24969.68,2368600393
2025-08-13,24969.68,25613.67,24969.68,25613.67,3271694927
2025-08-14,25613.67,25766.62,25451.94,25519.32,3329980108
2025-08-15,25519.32,25519.32,25168.52,25270.07,4157897456
2025-08-18,25270.07,25463.35,25176.85,25176.85,3720532611
2025-08-19,25176.85,25255.12,25083.62,25122.9,3195513673
2025-08-20,25122.9,25209.56,24888.23,25165.94,2984163949
2025-08-21,25165.94,25216.42,25000.85,25104.61,2860987250
2025-08-22,25104.61,25342.32,25104.61,25339.14,3359402285
2025-08-25,25339.14,25918.07,25339.14,25829.91,4143324871
2025-08-26,25829.91,25829.91,25524.92,25524.92,3635352362
2025-08-27,25524.92,25651.59,25140.55,25201.76,3871176080
2025-08-28,25201.76,25201.76,24809.26,24998.82,4178767450
2025-08-29,24998.82,25274.16,24998.82,25077.62,3818120975
2025-09-01,25077.62,25638.34,25077.62,25617.42,4316834039
2025-09-02,25617.42,25722.29,25416.89,25496.55,3811081961
2025-09-03,25496.55,25782.84,25278.54,25343.43,3186158912
2025-09-04,25343.43,25491.89,25013.26,25058.51,3630343861
2025-09-05,25058.51,25468.51,25058.51,25417.98,3739376231
2025-09-08,25417.98,25660.54,25401.81,25633.91,3654970109
2025-09-09,25633.91,26027.94,25633.91,25938.13,3632723356
2025-09-10,25938.13,26294.6,25938.13,26200.26,3793201673
2025-09-11,26200.26,26241.05,25881.27,26086.32,3992481410
2025-09-12,26086.32,26583.35,26086.32,26388.16,3332481871
2025-09-15,26388.16,26530.31,26285.99,26446.56,2857679782
2025-09-16,26446.56,26600.3,26332.96,26438.51,2882501279
2025-09-17,26438.51,26932.83,26438.51,26908.39,3700814869
2025-09-18,26908.39,27055.37,26323.83,26544.85,4114162119
2025-09-19,26544.85,26637.5,26414.11,26545.1,4165886419
2025-09-22,26545.1,26545.1,26209,26344.14,3298426314
2025-09-23,26344.14,26435.58,26003.9,26159.12,3124548823
2025-09-24,26159.12,26562.88,26059.19,26518.65,3023222105
2025-09-25,26518.65,26640.29,26404.82,26484.68,3687012237
2025-09-26,26484.68,26484.68,26077.23,26128.2,3440579209
2025-09-29,26128.2,26680.86,26128.2,26622.88,3502823186
2025-09-30,26622.88,26886.08,26562.95,26855.56,3501944045
2025-10-02,26855.56,27379.92,26855.56,27287.12,2324594828
2025-10-03,27287.12,27287.12,26973.04,27140.92,1391965116
2025-10-06,27140.92,27140.92,26879.36,26957.77,1131614688
2025-10-08,26957.77,26957.77,26523.05,26829.46,2105709333
2025-10-09,26829.46,26975.35,26486.48,26752.59,4013938142
2025-10-10,26752.59,26752.59,26249.24,26290.32,3432031061
2025-10-13,26290.32,26290.32,25336.79,25889.48,5172794962
2025-10-14,25889.48,26102.6,25335.9,25441.35,4753203563
2025-10-15,25441.35,25978.79,25441.35,25910.6,3503925975
2025-10-16,25910.6,26060.72,25688.56,25888.51,3380914261
2025-10-17,25888.51,25888.51,25147.37,25247.1,4008381031
2025-10-20,25247.1,25910.71,25247.1,25858.83,2901618362
2025-10-21,25858.83,26365.42,25858.83,26027.55,3064990310
2025-10-22,26027.55,26027.55,25653.75,25781.77,2830306147
2025-10-23,25781.77,26079.48,25593.48,25967.98,3104045459
2025-10-24,25967.98,26237.5,25967.98,26160.15,2592061806
2025-10-27,26480.48,26480.48,26323.07,26433.7,3164578221
2025-10-28,26470.1,26516.37,26245.33,26346.14,2857274346
2025-10-30,26537.34,26587.69,26143.15,26282.69,4318780347
2025-10-31,26263.01,26268.73,25906.65,25906.65,3378166668
2025-11-03,26036.51,26216.33,25921.75,26158.36,3361250312
2025-11-04,26121.89,26289.78,25912.93,25952.4,3421177466
2025-11-05,25643.77,25980.23,25507,25935.41,2770018806
2025-11-06,26061.58,26489.32,26061.58,26485.9,2705225110
2025-11-07,26327.42,26369.23,26167.23,26241.83,2695900059
2025-11-10,26350.92,26666.35,26306.25,26649.06,3124450692
2025-11-11,26748.43,26786.11,26514.21,26696.41,2417579000
2025-11-12,26743.33,27012.83,26743.33,26922.73,3437284673
2025-11-13,26779.65,27187.01,26733.21,27073.03,3285728122
2025-11-14,26682.2,26881.49,26539.09,26572.46,2809865898
2025-11-17,26441.7,26527.43,26253.12,26384.28,2521061635
2025-11-18,26181.66,26187.19,25825.87,25930.03,3514104520
2025-11-19,26002.76,26044.02,25742.07,25830.65,2886698912
2025-11-20,26019.1,26040.3,25692.39,25835.57,2979155480
2025-11-21,25429.8,25483.67,25183.19,25220.02,3957866240
2025-11-24,25504.07,25767.27,25372.16,25716.5,4422737669
2025-11-25,25978,26065.74,25740.54,25894.55,2962124162
2025-11-26,26052.77,26134.35,25907.64,25928.08,2564654921
2025-11-27,25972.36,26122.66,25828.22,25945.93,2682748159
2025-11-28,25997.23,25997.23,25808.07,25858.89,1961598102
2025-12-01,25963.5,26179.46,25914.61,26033.26,2318551657
2025-12-02,26225.49,26252.77,25989.45,26095.05,2452972677
2025-12-03,25947.37,25995.38,25726.14,25760.73,2176623202
2025-12-04,25815.75,25986.42,25649.87,25935.9,2169246980
2025-12-05,25798.94,26128.74,25758.23,26085.08,2973138076
2025-12-08,26080.02,26147.41,25757.72,25765.36,2975767491
2025-12-09,25802.75,25816.43,25387.6,25434.23,2878704265
2025-12-10,25435.49,25540.78,25259.22,25540.78,2740207333
2025-12-11,25710.61,25787.67,25476.94,25530.51,2361276384
2025-12-12,25790.12,26004.1,25699.76,25976.79,3229658789
2025-12-15,25715.43,25824.44,25613.01,25628.88,2803214747
2025-12-16,25524.22,25541.09,25086.72,25235.41,2917688357
2025-12-17,25230.94,25487.33,25171.94,25468.78,2471930980
2025-12-18,25313.88,25511.79,25266.16,25498.13,2613464931
2025-12-19,25633.08,25747.01,25546.94,25690.53,3357987319
2025-12-22,25819.32,25858.84,25673.14,25801.77,2362126818
2025-12-23,25875.85,25926.8,25728.31,25774.14,2240856573
2025-12-24,25808.71,25890.04,25773.81,25818.93,1236342689
2025-12-29,25932.63,26079.27,25632.08,25635.23,2931622846
2025-12-30,25637.02,25923.31,25618.88,25854.6,3138095708
2025-12-31,25787.89,25807.11,25557,25630.54,1651032459
2026-01-02,25748.65,26345.63,25728.95,26338.47,1489719205
2026-01-05,26330.66,26444.52,26256,26347.24,3692232273
2026-01-06,26536.75,26857.8,26498.36,26710.45,3800881349
2026-01-07,26592.55,26605.54,26319.62,26458.95,3645255953
2026-01-08,26303.14,26303.14,25961.86,26149.31,3243266893
2026-01-09,26257.96,26292.95,26117.28,26231.79,3241700465
2026-01-12,26376.84,26608.48,26188.91,26608.48,3599631285
2026-01-13,26977.08,27140.96,26730.52,26848.47,3691737112
2026-01-14,26944.76,27096.87,26780.27,26999.81,4849599343
2026-01-15,26922.55,27203.72,26811.83,26923.62,3583272666
2026-01-16,27138.93,27173.75,26742.68,26844.96,3365874143
2026-01-19,26624.28,26709.9,26535.61,26563.9,2742385350
2026-01-20,26559.85,26637.83,26366.98,26487.51,2770753820
2026-01-21,26440.61,26689.13,26412.67,26585.06,2998689917
2026-01-22,26750.51,26778.91,26499.14,26629.96,2990878008
2026-01-23,26861.77,26894.69,26692.41,26749.51,2803460727
2026-01-26,26834.49,26910.75,26622.23,26765.52,2926469317
2026-01-27,26833.08,27186.56,26833.08,27126.95,3063161579
2026-01-28,27371.71,27826.91,27258.53,27826.91,5050185306
2026-01-29,27663.72,28053.79,27621.59,27968.09,4396424493
2026-01-30,27802.41,27871.7,27387.11,27387.11,4427459086
2026-02-02,27097.34,27099.13,26509.86,26775.57,4835021968
2026-02-03,27038.61,27122.75,26434.25,26834.77,3425207572
2026-02-04,26797.05,27001.85,26594.35,26847.32,2984810177
2026-02-05,26681.83,26916.2,26414.12,26885.24,3189809921
2026-02-06,26427.76,26709.58,26297.48,26559.95,2913260967
2026-02-09,27010.85,27110.26,26882.82,27027.16,2734482092
2026-02-10,27202.96,27396.75,27106.51,27183.15,2554305908
2026-02-11,27246.18,27323.79,27135.57,27266.38,2403668339
2026-02-12,27215.63,27215.63,26933.13,27032.54,2668765801
2026-02-13,26603.73,26774.44,26446.41,26567.12,2489003997
2026-02-16,26513.02,26730.82,26383.88,26705.94,808517578
2026-02-20,26657.84,26685.36,26357.02,26413.35,1694797414
2026-02-23,26830.99,27155.31,26827.26,27081.91,1816424557
2026-02-24,26828.06,26828.06,26485.07,26590.32,2683808483
2026-02-25,26736.47,26861.44,26634.5,26765.72,2499352809
2026-02-26,27008.12,27008.12,26373.73,26381.02,2901189090
2026-02-27,26407.88,26697.38,26382.74,26630.54,3294363027
2026-03-02,26288.11,26401.46,25883.56,26059.85,4593458034
2026-03-03,26203.49,26212.82,25727.37,25768.08,4705215055
2026-03-04,25381.05,25461.97,24961.96,25249.48,4703743954
2026-03-05,25583.65,25736.6,25245.22,25321.34,3484235068
2026-03-06,25358.56,25803.48,25271.68,25757.29,3669793241
2026-03-09,25093.91,25437.23,24910.72,25408.46,5300765097
2026-03-10,25773.56,25959.9,25611.79,25959.9,3518576846
2026-03-11,26090.31,26148.29,25822.46,25898.76,3144759527
2026-03-12,25749.99,25924.25,25523.21,25716.76,3046477658
2026-03-13,25606.39,25694.64,25423.14,25465.6,2786054940
2026-03-16,25522.63,25854.8,25317.81,25834.02,3018115651
2026-03-17,26007.89,26249,25846.15,25868.54,2901353326
2026-03-18,25923.03,26117.77,25795.02,26025.42,2536005146
2026-03-19,25566.45,25737.83,25449.67,25500.58,3552349300
2026-03-20,25395.97,25561.01,25122.58,25277.32,4602528332
2026-03-23,24764.96,24764.96,24205.48,24382.47,5094404485
2026-03-24,24772.99,25073.1,24555.5,25063.71,3890652042
2026-03-25,25256.67,25390.02,25016.35,25335.95,4574689650
2026-03-26,25278.03,25278.03,24795.7,24856.43,3973714386
2026-03-27,24760.88,25091.67,24718.2,24951.88,3409154751
2026-03-30,24951.88,24951.88,24411.21,24750.79,4149140812
2026-03-31,24750.79,24985.15,24559.71,24788.14,3804691067
2026-04-01,24788.14,25429.57,24788.14,25294.03,3857658750
2026-04-02,25294.03,25294.03,24904.19,25116.53,3194596669
2026-04-08,25116.53,25932.25,25116.53,25893.02,4871338841
2026-04-09,25893.02,25893.02,25655.6,25752.4,2917998922
2026-04-10,25752.4,26073.14,25752.4,25893.54,2572861175
2026-04-13,25893.54,25893.54,25510.65,25660.85,2288774306
2026-04-14,25660.85,25994.23,25660.85,25872.32,2707053926
2026-04-15,25872.32,26215.71,25872.32,25947.32,3021722943
2026-04-16,25947.32,26401.38,25947.32,26394.26,2805512406
2026-04-17,26394.26,26394.26,26016.48,26160.33,2793180337
2026-04-20,26160.33,26410.5,26107.81,26361.07,2873194620
2026-04-21,26361.07,26523.43,26343.14,26487.48,2459962927
2026-04-22,26487.48,26487.48,26075.13,26163.24,2562110184
2026-04-23,26163.24,26163.24,25841.26,25915.2,2607834788
2026-04-24,25915.2,26003.94,25642.92,25978.07,2885796774
2026-04-27,25978.07,26084.15,25858.24,25925.65,2601355363
2026-04-28,25925.65,25925.65,25611.68,25679.78,3263622680
2026-04-29,25679.78,26129.55,25679.78,26111.84,3783234581
2026-04-30,26111.84,26111.84,25734.16,25776.53,4129664451
2026-05-04,25776.53,26323.71,25776.53,26095.88,1811067681
2026-05-05,26095.88,26095.88,25690.97,25898.61,1482015263
2026-05-06,25898.61,26213.78,25878.95,26213.78,3544272950
2026-05-07,26213.78,26667.6,26213.78,26626.28,3989039030
2026-05-08,26626.28,26626.28,26276.47,26393.71,3061248855
2026-05-11,26393.71,26425.45,26220.51,26406.84,3079456686
2026-05-12,26406.84,26588.7,26329.62,26347.91,3082312875
2026-05-13,26347.91,26452.03,26220.37,26388.44,2820424436
2026-05-14,26388.44,26836.66,26367.88,26389.04,3124311285
2026-05-15,26389.04,26391.02,25847.91,25962.73,3259923737
2026-05-18,25962.73,25962.73,25505.71,25675.18,3017079836
2026-05-19,25675.18,25843.8,25675.18,25797.85,3100092580
2026-05-20,25797.85,25797.85,25555.93,25651.12,2859492505
2026-05-21,25651.12,25833.71,25344.91,25386.52,3027683072
2026-05-22,25386.52,25724.61,25386.52,25606.03,3280836069
2026-05-26,25606.03,25767.54,25431.61,25599.45,4082808741
2026-05-27,25599.45,25630.44,25258.8,25328.23,3717089697
2026-05-28,25328.23,25328.23,24729.16,25006.16,4237027083
2026-05-29,25006.16,25313.33,25006.16,25182.39,6766134635
2026-06-01,25182.39,25482.99,25180.05,25398.18,3702992953
2026-06-02,25398.18,26043.5,25395.07,26038.32,3751285697
2026-06-03,26038.32,26038.32,25572.85,25633.21,3174777339
2026-06-04,25633.21,25633.21,25188.38,25253.4,2783032387
2026-06-05,25253.4,25253.4,24930.24,24961.95,3574773982
2026-06-08,24582.91,24837.98,24458.54,24657.06,3806748679
2026-06-09,24657.06,24739.53,24498.25,24565.9,3359040138
2026-06-10,24565.9,24565.9,24207.84,24407.96,3942286764
2026-06-11,24407.96,24491.94,24003.71,24249.29,3420826012
2026-06-12,24249.29,24770.77,24249.29,24718.1,3751859470
2026-06-15,24718.1,25044.44,24718.1,24842.67,3636245503
2026-06-16,24842.67,24842.67,24381.87,24493.95,3145212161
2026-06-17,24493.95,24559.4,24256.25,24312.16,3054959679
2026-06-18,24312.16,24312.16,23751.65,23924.81,4835283980
2026-06-22,23924.81,23924.81,23448.49,23768.52,4050276384
2026-06-23,23768.52,23825.81,23252.22,23336.28,3689239933
2026-06-24,23336.28,23565.52,23249.89,23412.18,3460062214
2026-06-25,23412.18,23412.18,22978.84,23076.91,4265696467
2026-06-26,23076.91,23076.91,22520.38,22671.86,4194503173
2026-06-29,22671.86,23181.59,22671.86,23026.68,3457627822
2026-06-30,23026.68,23084.02,22688.85,22881.02,4494685423
2026-07-02,22881.02,23335.92,22881.02,23055.03,4144508780
2026-07-03,23055.03,23512.66,23055.03,23350.03,3394555820
2026-07-06,23350.03,23683.04,23240.28,23616.32,3396872648
2026-07-07,23616.32,23816.34,23400.83,23496.89,3692979581
2026-07-08,23496.89,24309.71,23496.89,24199.46,4447731238
2026-07-09,24199.46,24351.34,23919.07,24030.18,3666199568
2026-07-10,24030.18,24497.58,24030.18,24175.12,3340807624
2026-07-13,24175.12,24446.85,24097.39,24213.72,2991291318
2026-07-14,24213.72,24436.37,23905.34,24340.73,3571389854
2026-07-15,24340.73,24773.1,24340.73,24681.1,3246853318
2026-07-16,24681.1,25221.44,24681.1,25008.6,3436091131
2026-07-17,25008.6,25158.7,24338.62,24562.24,3747431513
2026-07-20,24562.24,25151.03,24562.24,25143.05,3338051327
2026-07-21,25143.05,25249.61,24991.86,25132.29,2894563783
2026-07-22,25132.29,25132.29,24805.75,24892.66,3032910238
2026-07-23,24892.66,25265.97,24881.4,25210.81,2700240208
2026-07-24,25210.81,25210.81,24813.77,24963.23,2473440603
2026-07-27,24963.23,25272.6,24939.16,25207.18,2630053794
2026-07-28,25207.18,25440.68,25070.73,25310.85,3084086527
2026-07-29,25310.85,25807.92,25310.85,25807.92,3870391940
2026-07-30,25807.92,25971.63,25657.87,25858.88,3743791650
2026-07-31,25858.88,25913.55,25635.16,25884.43,3585404466
2026-08-03,25884.43,26131.8,25819.46,26009.4,2922995289
2026-08-04,26009.4,26176.96,25771.33,25852.92,2918586253
2026-08-05,25852.92,25968.26,25734.46,25915.82,2917272044
2026-08-06,25915.82,25915.82,25390.93,25530.28,2855033269
2026-08-07,25530.28,25668.03,25402.28,25668.03,2757413597
2026-08-10,25668.03,25955.37,25668.03,25937.49,2409280504
2026-08-11,25937.49,26060.32,25647.66,25652.82,2336004246
2026-08-12,25652.82,25652.82,25323.42,25440.17,2380441254
2026-08-13,25440.17,25517.64,25288.07,25396.51,2868671085
2026-08-14,25396.51,25396.51,25089.77,25116.85,2526176523
2026-08-17,25116.85,25578.27,25116.85,25453.23,2190520169
2026-08-18,25453.23,25514.72,25243.69,25471.15,2716858200
2026-08-19,25471.15,25533.38,25328.49,25495.07,3462727431
2026-08-20,25495.07,25841.61,25495.07,25698.49,3776958058
2026-08-21,25698.49,26009.46,25698.49,26009.46,3350123062
2026-08-24,26009.46,26009.46,25431.91,25517.33,3664497251
2026-08-25,25517.33,25637.69,25407.48,25511.1
